﻿From,From no,To,To no
Willie Allemang,1,Leonard Nimoy Demonstrates the Magnavision Videodisc Player (1981),1000
Amir Ashayeri,2,Cheshmane John Malkovich (2004),1001
Matin Azizpour,3,Cheshmane John Malkovich (2004),1001
Kevin Bacon (I),4,Air Up There The (1994),1002
Kevin Bacon (I),4,Animal House (1978),1003
Kevin Bacon (I),4,Apollo 13 (1995),1004
Kevin Bacon (I),4,Balto (1995),1005
Kevin Bacon (I),4,Beauty Shop (2005),1006
Kevin Bacon (I),4,Big Picture The (1989),1007
Kevin Bacon (I),4,Cavedweller (2004),1008
Kevin Bacon (I),4,Code of Conduct (2001),1009
Kevin Bacon (I),4,Criminal Law (1988),1010
Kevin Bacon (I),4,Destination Anywhere (1997),1011
Kevin Bacon (I),4,Digging to China (1998),1012
Kevin Bacon (I),4,Diner (1982),1013
Kevin Bacon (I),4,End of the Line (1988),1014
Kevin Bacon (I),4,Enormous Changes at the Last Minute (1983),1015
Kevin Bacon (I),4,Few Good Men A (1992),1016
Kevin Bacon (I),4,Flatliners (1990),1017
Kevin Bacon (I),4,Fleshing Out the 'Hollow Man' (2000),1018
Kevin Bacon (I),4,Footloose (1984),1019
Kevin Bacon (I),4,Forty Deuce (1982),1020
Kevin Bacon (I),4,Friday the 13th (1980),1021
Kevin Bacon (I),4,He Said She Said (1991),1022
Kevin Bacon (I),4,Hero at Large (1980),1023
Kevin Bacon (I),4,Hollow Man (2000),1024
Kevin Bacon (I),4,Hollow Man: Anatomy of a Thriller (2000),1025
Kevin Bacon (I),4,Imagine New York (2003),1026
Kevin Bacon (I),4,In the Cut (2003),1027
Kevin Bacon (I),4,JFK (1991),1028
Kevin Bacon (I),4,Little Vicious A (1991),1029
Kevin Bacon (I),4,Lost Moon: The Triumph of Apollo 13 (1996),1030
Kevin Bacon (I),4,Loverboy (2004),1031
Kevin Bacon (I),4,Murder in the First (1995),1032
Kevin Bacon (I),4,My Dog Skip (2000),1033
Kevin Bacon (I),4,Mystic River (2003),1034
Kevin Bacon (I),4,Mystic River: Beneath the Surface (2004),1035
Kevin Bacon (I),4,New York Skyride (1994),1036
Kevin Bacon (I),4,Novocaine (2001),1037
Kevin Bacon (I),4,Only When I Laugh (1981),1038
Kevin Bacon (I),4,Picture Perfect (1997),1039
Kevin Bacon (I),4,Planes Trains & Automobiles (1987),1040
Kevin Bacon (I),4,Pyrates (1991),1041
Kevin Bacon (I),4,Queens Logic (1991),1042
Kevin Bacon (I),4,Quicksilver (1986),1043
Kevin Bacon (I),4,River Wild The (1994),1044
Kevin Bacon (I),4,She's Having a Baby (1988),1045
Kevin Bacon (I),4,Sleepers (1996),1046
Kevin Bacon (I),4,Starting Over (1979),1047
Kevin Bacon (I),4,Stir of Echoes (1999),1048
Kevin Bacon (I),4,Telling Lies in America (1997),1049
Kevin Bacon (I),4,Trapped (2002),1050
Kevin Bacon (I),4,Tremors (1990),1051
Kevin Bacon (I),4,We Married Margo (2000),1052
Kevin Bacon (I),4,Where Are They Now?: A Delta Alumni Update (2003),1053
Kevin Bacon (I),4,Where the Truth Lies (2005),1054
Kevin Bacon (I),4,White Water Summer (1987),1055
Kevin Bacon (I),4,Wild Things (1998),1056
Kevin Bacon (I),4,Woodsman The (2004),1057
Kevin Bacon (I),4,Yearbook: An 'Animal House' Reunion The (1998),1058
Christian Bale,5,All the Little Animals (1998),1059
Christian Bale,5,American Psycho (2000),1060
Christian Bale,5,Batman Begins (2005),1061
Christian Bale,5,Captain Corelli's Mandolin (2001),1062
Christian Bale,5,Empire of the Sun (1987),1063
Christian Bale,5,Equilibrium (2002),1064
Christian Bale,5,Henry V (1989),1065
Christian Bale,5,Laurel Canyon (2002),1066
Christian Bale,5,Little Women (1994),1067
Christian Bale,5,Machinist The (2004),1068
Christian Bale,5,Making of 'American Psycho' The (2000),1069
Christian Bale,5,Metroland (1997),1070
Christian Bale,5,Midsummer Night's Dream A (1999),1071
Christian Bale,5,Mio min Mio (1987),1072
Christian Bale,5,New World The (2005),1073
Christian Bale,5,Newsies (1992),1074
Christian Bale,5,Pocahontas (1995),1075
Christian Bale,5,Portrait of a Lady The (1996),1076
Christian Bale,5,Prince of Jutland (1994),1077
Christian Bale,5,Reign of Fire (2002),1078
Christian Bale,5,Secret Agent The (1996),1079
Christian Bale,5,Shaft (2000),1080
Christian Bale,5,Shaft: Still the Man (2000),1081
Christian Bale,5,Swing Kids (1993),1082
Christian Bale,5,Velvet Goldmine (1998),1083
Lance Bangs,6,Being John Malkovich (1999),1084
Orson Bean,7,Being John Malkovich (1999),1084
Ned Bellamy,8,Being John Malkovich (1999),1084
Steve Berens,9,Adam Sandler Goes to Hell (2001),1085
Howard Berger,10,Adam Sandler Goes to Hell (2001),1085
Yogi Berra,11,Greatest Summer of My Life: Billy Crystal and the Making of '61*' The (2001),1086
Perry Andelin Blake,12,Adam Sandler Goes to Hell (2001),1085
Paul Borghese,13,Greatest Summer of My Life: Billy Crystal and the Making of '61*' The (2001),1086
Steven Brill (I),14,Adam Sandler Goes to Hell (2001),1085
W. Earl Brown,15,Being John Malkovich (1999),1084
William Buck (II),16,Being John Malkovich (1999),1084
Kevin Carroll,17,Being John Malkovich (1999),1084
Dana Carvey,18,Adam Sandler Goes to Hell (2001),1085
Blake Clark,19,Adam Sandler Goes to Hell (2001),1085
Robert F. Colesberry,20,Greatest Summer of My Life: Billy Crystal and the Making of '61*' The (2001),1086
Allen Covert,21,Adam Sandler Goes to Hell (2001),1085
Billy Crystal,22,Adventures of Rocky & Bullwinkle The (2000),1087
Billy Crystal,22,All-Star Toast to the Improv An (1988),1088
Billy Crystal,22,America's Sweethearts (2001),1089
Billy Crystal,22,American Movie: The Making of Northwestern (1999),1090
Billy Crystal,22,Analyze That (2002),1091
Billy Crystal,22,Analyze This (1999),1092
Billy Crystal,22,Animalympics (1980),1093
Billy Crystal,22,As You Wish: The Story of 'The Princess Bride' (2001),1094
Billy Crystal,22,Century of Cinema A (1994),1095
Billy Crystal,22,City Slickers (1991),1096
Billy Crystal,22,City Slickers II: The Legend of Curly's Gold (1994),1097
Billy Crystal,22,Deconstructing Harry (1997),1098
Billy Crystal,22,Fathers' Day (1997),1099
Billy Crystal,22,Forget Paris (1995),1100
Billy Crystal,22,Get Bruce (1999),1101
Billy Crystal,22,Greatest Summer of My Life: Billy Crystal and the Making of '61*' The (2001),1086
Billy Crystal,22,Hamlet (1996),1102
Billy Crystal,22,Horton Hatches the Egg (1992),1103
Billy Crystal,22,How Harry Met Sally... (2000),1104
Billy Crystal,22,Making of 'Tron' The (2002),1105
Billy Crystal,22,Memories of Me (1988),1106
Billy Crystal,22,Mike's New Car (2002),1107
Billy Crystal,22,Monsters Inc. (2001),1108
Billy Crystal,22,Mr. Saturday Night (1992),1109
Billy Crystal,22,Muhammad Ali: Through the Eyes of the World (2001),1110
Billy Crystal,22,My Giant (1998),1111
Billy Crystal,22,Oscar's Greatest Moments (1992),1112
Billy Crystal,22,Princess Bride The (1987),1113
Billy Crystal,22,Rabbit Test (1978),1114
Billy Crystal,22,Running Scared (1986),1115
Billy Crystal,22,Saturday Night Live: Game Show Parodies (1998),1116
Billy Crystal,22,Tell Them Who You Are (2004),1117
Billy Crystal,22,This Is Spinal Tap (1984),1118
Billy Crystal,22,Throw Momma from the Train (1987),1119
Billy Crystal,22,Untitled Billy Crystal Project (2005),1120
Billy Crystal,22,When Harry Met Sally... (1989),1121
John Cusack,23,Being John Malkovich (1999),1084
Peter Cushing,24,Actor's Notebook: Christopher Lee (2002),1122
Rodney Dangerfield,25,Adam Sandler Goes to Hell (2001),1085
Erik Jan deBoer,26,Adam Sandler Goes to Hell (2001),1085
Kave Deymar,27,Cheshmane John Malkovich (2004),1001
Andy Dick,28,Being John Malkovich (1999),1084
Ata Emamian,29,Cheshmane John Malkovich (2004),1001
Gerald Emerick,30,Being John Malkovich (1999),1084
Richard Fancy,31,Being John Malkovich (1999),1084
Mohammad Reza Farhoudi,32,Cheshmane John Malkovich (2004),1001
David Fincher,33,Being John Malkovich (1999),1084
Morgan Freeman (I),34,All On Accounta Pullin' A Trigger (2002),1123
Morgan Freeman (I),34,Along Came a Spider (2001),1124
Morgan Freeman (I),34,Amistad (1997),1125
Morgan Freeman (I),34,Batman Begins (2005),1061
Morgan Freeman (I),34,Big Bounce The (2004),1126
Morgan Freeman (I),34,Blade (1973),1127
Morgan Freeman (I),34,Bonfire of the Vanities The (1990),1128
Morgan Freeman (I),34,Brubaker (1980),1129
Morgan Freeman (I),34,Bruce Almighty (2003),1130
Morgan Freeman (I),34,Century of Cinema A (1994),1095
Morgan Freeman (I),34,Chain Reaction (1996),1131
Morgan Freeman (I),34,Clean and Sober (1988),1132
Morgan Freeman (I),34,Colors Straight Up (2004),1133
Morgan Freeman (I),34,Coriolanus (1979),1134
Morgan Freeman (I),34,Cosmic Voyage (1996),1135
Morgan Freeman (I),34,Death of a Prophet (1981),1136
Morgan Freeman (I),34,Declaration of Independence (2003),1137
Morgan Freeman (I),34,Deep Impact (1998),1138
Morgan Freeman (I),34,Delta Blues Museum (2003),1139
Morgan Freeman (I),34,Dreamcatcher (2003),1140
Morgan Freeman (I),34,Driving Miss Daisy (1989),1141
Morgan Freeman (I),34,Edison (2005),1142
Morgan Freeman (I),34,Eyewitness (1981),1143
Morgan Freeman (I),34,Freedomland (2005),1144
Morgan Freeman (I),34,Glory (1989),1145
Morgan Freeman (I),34,Guilty by Association (2003),1146
Morgan Freeman (I),34,Hard Rain (1998),1147
Morgan Freeman (I),34,Harry and Son (1984),1148
Morgan Freeman (I),34,High Crimes (2002),1149
Morgan Freeman (I),34,Hunting of the President The (2004),1150
Morgan Freeman (I),34,Johnny Handsome (1989),1151
Morgan Freeman (I),34,Kiss the Girls (1997),1152
Morgan Freeman (I),34,Lean on Me (1989),1153
Morgan Freeman (I),34,Levity (2003),1154
Morgan Freeman (I),34,Long Walk to Freedom (2004),1155
Morgan Freeman (I),34,Long Way Home The (1997),1156
Morgan Freeman (I),34,Lucky Number Slevin (2005),1157
Morgan Freeman (I),34,Making of 'Along Came a Spider' The (2001),1158
Morgan Freeman (I),34,Making of 'Amistad' The (1999),1159
Morgan Freeman (I),34,Man Called Adam A (1966),1160
Morgan Freeman (I),34,Marie (1985),1161
Morgan Freeman (I),34,Million Dollar Baby (2004),1162
Morgan Freeman (I),34,Moll Flanders (1996),1163
Morgan Freeman (I),34,Nurse Betty (2000),1164
Morgan Freeman (I),34,Outbreak (1995),1165
Morgan Freeman (I),34,Power of One The (1992),1166
Morgan Freeman (I),34,Robin Hood: Prince of Thieves (1991),1167
Morgan Freeman (I),34,Scandalize My Name: Stories from the Blacklist (1998),1168
Morgan Freeman (I),34,Screening (1998),1169
Morgan Freeman (I),34,Se7en (1995),1170
Morgan Freeman (I),34,Shawshank Redemption The (1994),1171
Morgan Freeman (I),34,Street Smart (1987),1172
Morgan Freeman (I),34,Sum of All Fears The (2002),1173
Morgan Freeman (I),34,Survivors of the Shoah: Visual History Foundation (2004),1174
Morgan Freeman (I),34,Teachers (1984),1175
Morgan Freeman (I),34,That Was Then... This Is Now (1985),1176
Morgan Freeman (I),34,True Story of Glory Continues The (1991),1177
Morgan Freeman (I),34,Tusker (2004),1178
Morgan Freeman (I),34,Under Suspicion (2000),1179
Morgan Freeman (I),34,Unfinished Life An (2004),1180
Morgan Freeman (I),34,Unforgiven (1992),1181
Morgan Freeman (I),34,Untitled Morgan Freeman WWII Project (2006),1182
Morgan Freeman (I),34,Who Says I Can't Ride a Rainbow? (1971),1183
Clark Gable,35,1950's: Music Memories & Milestones The (1988),1184
Clark Gable,35,Across the Wide Missouri (1951),1185
Clark Gable,35,Adventure (1945),1186
Clark Gable,35,After Office Hours (1935),1187
Clark Gable,35,Any Number Can Play (1949),1188
Clark Gable,35,Band of Angels (1957),1189
Clark Gable,35,Betrayed (1954),1190
Clark Gable,35,Big Parade of Comedy The (1964),1191
Clark Gable,35,Boom Town (1940),1192
Clark Gable,35,Brother Can You Spare a Dime? (1975),1193
Clark Gable,35,But Not for Me (1959),1194
Clark Gable,35,Cain and Mabel (1936),1195
Clark Gable,35,Call of the Wild The (1935),1196
Clark Gable,35,Callaway Went Thataway (1951),1197
Clark Gable,35,Candid Camera Story (Very Candid) of the Metro-Goldwyn-Mayer Pictures 1937 Convention The (1937),1198
Clark Gable,35,Chained (1934),1199
Clark Gable,35,China Seas (1935),1200
Clark Gable,35,Christmas Party The (1931),1201
Clark Gable,35,Classe americaine La (1993),1202
Clark Gable,35,Combat America (1943),1203
Clark Gable,35,Command Decision (1948),1204
Clark Gable,35,Comrade X (1940),1205
Clark Gable,35,Dance Fools Dance (1931),1206
Clark Gable,35,Dancing Lady (1933),1207
Clark Gable,35,Declassee (1925),1208
Clark Gable,35,Easiest Way The (1931),1209
Clark Gable,35,Finger Points The (1931),1210
Clark Gable,35,Forbidden Paradise (1924),1211
Clark Gable,35,Forsaking All Others (1934),1212
Clark Gable,35,Free Soul A (1931),1213
Clark Gable,35,Going Hollywood: The '30s (1984),1214
Clark Gable,35,Gone with the Wind (1939),1215
Clark Gable,35,Hell Divers (1931),1216
Clark Gable,35,Hold Your Man (1933),1217
Clark Gable,35,Hollywood Goes to Town (1938),1218
Clark Gable,35,Hollywood Hobbies (1935),1219
Clark Gable,35,Hollywood Hobbies (1939),1220
Clark Gable,35,Hollywood on Parade (1990),1221
Clark Gable,35,Hollywood on Parade No. 9 (1933),1222
Clark Gable,35,Hollywood Party (1937),1223
Clark Gable,35,Hollywood Sex Symbols (1988),1224
Clark Gable,35,Homecoming (1948),1225
Clark Gable,35,Honky Tonk (1941),1226
Clark Gable,35,Hooray for Hollywood (1975),1227
Clark Gable,35,Hucksters The (1947),1228
Clark Gable,35,Idiot's Delight (1939),1229
Clark Gable,35,Inside Daisy Clover (1965),1230
Clark Gable,35,It Happened One Night (1934),1231
Clark Gable,35,It Started in Naples (1960),1232
Clark Gable,35,Jackie Cooper's Birthday Party (1931),1233
Clark Gable,35,James Dean Story The (1957),1234
Clark Gable,35,Johnstown Flood The (1926),1235
Clark Gable,35,Judy Garland's Hollywood (1997),1236
Clark Gable,35,Key to the City (1950),1237
Clark Gable,35,King and Four Queens The (1956),1238
Clark Gable,35,Laughing Sinners (1931),1239
Clark Gable,35,Legends of Entertainment Video (1995),1240
Clark Gable,35,Lone Star (1952),1241
Clark Gable,35,Love Goddesses The (1965),1242
Clark Gable,35,Love on the Run (1936),1243
Clark Gable,35,Manhattan Melodrama (1934),1244
Clark Gable,35,Men in White (1934),1245
Clark Gable,35,Merry Kiddo The (1925),1246
Clark Gable,35,Merry Widow The (1925),1247
Clark Gable,35,Misfits The (1961),1248
Clark Gable,35,Mogambo (1953),1249
Clark Gable,35,Mutiny on the Bounty (1935),1250
Clark Gable,35,Never Let Me Go (1953),1251
Clark Gable,35,Night Flight (1933),1252
Clark Gable,35,Night Nurse (1931),1253
Clark Gable,35,No Man of Her Own (1932),1254
Clark Gable,35,North Star (1925),1255
Clark Gable,35,Northward Ho! (1940),1256
Clark Gable,35,One Minute to Play (1926),1257
Clark Gable,35,Pacemakers The (1925),1258
Clark Gable,35,Painted Desert The (1931),1259
Clark Gable,35,Parnell (1937),1260
Clark Gable,35,Plastic Age The (1925),1261
Clark Gable,35,Polly of the Circus (1932),1262
Clark Gable,35,Possessed (1931),1263
Clark Gable,35,Red Dust (1932),1264
Clark Gable,35,Run Silent Run Deep (1958),1265
Clark Gable,35,San Francisco (1936),1266
Clark Gable,35,Saratoga (1937),1267
Clark Gable,35,Screen Actors (1950),1268
Clark Gable,35,Screen Snapshots (1932),1269
Clark Gable,35,Screen Snapshots Series 23 No. 1: Hollywood in Uniform (1943),1270
Clark Gable,35,Screen Snapshots: Memories in Uniform (1954),1271
Clark Gable,35,Screen Snapshots: Stars on Horseback (1939),1272
Clark Gable,35,Secret Six The (1931),1273
Clark Gable,35,Show Business at War (1943),1274
Clark Gable,35,Soldier of Fortune (1955),1275
Clark Gable,35,Somewhere I'll Find You (1942),1276
Clark Gable,35,Sporting Blood (1931),1277
Clark Gable,35,Starlit Days at the Lido (1935),1278
Clark Gable,35,Strange Cargo (1940),1279
Clark Gable,35,Strange Interlude (1932),1280
Clark Gable,35,Susan Lenox (Her Fall and Rise) (1931),1281
Clark Gable,35,Tall Men The (1955),1282
Clark Gable,35,Teacher's Pet (1958),1283
Clark Gable,35,Test Pilot (1938),1284
Clark Gable,35,That's Dancing! (1985),1285
Clark Gable,35,That's Entertainment! (1974),1286
Clark Gable,35,That's Entertainment Part II (1976),1287
Clark Gable,35,They Met in Bombay (1941),1288
Clark Gable,35,To Please a Lady (1950),1289
Clark Gable,35,Too Hot to Handle (1938),1290
Clark Gable,35,We Remember Marilyn (1996),1291
Clark Gable,35,What Price Gloria? (1925),1292
Clark Gable,35,White Man (1924),1293
Clark Gable,35,White Sister The (1933),1294
Clark Gable,35,Wife vs. Secretary (1936),1295
Clark Gable,35,Wings Up (1943),1296
Clark Gable,35,You Can't Fool a Camera (1941),1297
Willie Garson,36,Being John Malkovich (1999),1084
Danny Glover,37,3 A.M. (2001),1298
Danny Glover,37,Angels in the Outfield (1994),1299
Danny Glover,37,Antz (1998),1300
Danny Glover,37,Barnyard The (2005),1301
Danny Glover,37,Bat*21 (1988),1302
Danny Glover,37,Beloved (1998),1303
Danny Glover,37,Boesman and Lena (2000),1304
Danny Glover,37,Bopha! (1993),1305
Danny Glover,37,Battu (2000),1306
Danny Glover,37,Can't You Hear the Wind Howl? The Life & Music of Robert Johnson (1997),1307
Danny Glover,37,Chu Chu and the Philly Flash (1981),1308
Danny Glover,37,Collaboration of Spirits: Casting and Acting 'The Color Purple' A (2003),1309
Danny Glover,37,Color Purple The (1985),1310
Danny Glover,37,Cookout The (2004),1311
Danny Glover,37,Duplicity (2004),1312
Danny Glover,37,Ennis' Gift (2000),1313
Danny Glover,37,Escape from Alcatraz (1979),1314
Danny Glover,37,Flight of the Intruder (1991),1315
Danny Glover,37,Gone Fishin' (1997),1316
Danny Glover,37,Grand Canyon (1991),1317
Danny Glover,37,Hollywood on Horses (1989),1318
Danny Glover,37,How Stella Got Her Groove Back (1998),1319
Danny Glover,37,Iceman (1984),1320
Danny Glover,37,Kidnapped (1994),1321
Danny Glover,37,Lethal Weapon (1987),1322
Danny Glover,37,Lethal Weapon 2 (1989),1323
Danny Glover,37,Lethal Weapon 3 (1992),1324
Danny Glover,37,Lethal Weapon 4 (1998),1325
Danny Glover,37,Manderlay (2005),1326
Danny Glover,37,Maverick (1994),1327
Danny Glover,37,Monster The (1999),1328
Danny Glover,37,Operation Dumbo Drop (1995),1329
Danny Glover,37,Oscar Micheaux Film Pioneer (1981),1330
Danny Glover,37,Our Friend Martin (1999),1331
Danny Glover,37,Out (1982),1332
Danny Glover,37,Places in the Heart (1984),1333
Danny Glover,37,Predator 2 (1990),1334
Danny Glover,37,Prince of Egypt The (1998),1335
Danny Glover,37,Pure Luck (1991),1336
Danny Glover,37,Rabbit Ears: How the Leopard Got His Spots (1989),1337
Danny Glover,37,Rage in Harlem A (1991),1338
Danny Glover,37,Rainmaker The (1997),1339
Danny Glover,37,Royal Tenenbaums The (2001),1340
Danny Glover,37,Saint of Fort Washington The (1993),1341
Danny Glover,37,Saw (2004),1342
Danny Glover,37,Shaggy Dog The (2005),1343
Danny Glover,37,Silverado (1985),1344
Danny Glover,37,Switchback (1997),1345
Danny Glover,37,Talking Eggs The (1992),1346
Danny Glover,37,To Sleep with Anger (1990),1347
Danny Glover,37,Wild America (1997),1348
Danny Glover,37,Witness (1985),1349
Danny Glover,37,Woodcutter (2004),1350
Danny Glover,37,XXI Century (2003),1351
Cary Grant,38,Affair to Remember An (1957),1352
Cary Grant,38,Alice in Wonderland (1933),1353
Cary Grant,38,Amazing Quest of Ernest Bliss The (1936),1354
Cary Grant,38,Arsenic and Old Lace (1944),1355
Cary Grant,38,Awful Truth The (1937),1356
Cary Grant,38,Bachelor and the Bobby-Soxer The (1947),1357
Cary Grant,38,Big Brown Eyes (1936),1358
Cary Grant,38,Big Parade of Comedy The (1964),1191
Cary Grant,38,Bishop's Wife The (1947),1359
Cary Grant,38,Blonde Venus (1932),1360
Cary Grant,38,Born to Be Bad (1934),1361
Cary Grant,38,Bringing Up Baby (1938),1362
Cary Grant,38,Brother Can You Spare a Dime? (1975),1193
Cary Grant,38,Callaway Went Thataway (1951),1197
Cary Grant,38,Canciones para despues de una guerra (1971),1363
Cary Grant,38,Cary Grant on Film (1999),1364
Cary Grant,38,Charade (1963),1365
Cary Grant,38,Crisis (1950),1366
Cary Grant,38,Destination Tokyo (1943),1367
Cary Grant,38,Devil and the Deep (1932),1368
Cary Grant,38,Dream Wife (1953),1369
Cary Grant,38,Eagle and the Hawk The (1933),1370
Cary Grant,38,Elvis: That's the Way It Is (1970),1371
Cary Grant,38,Enter Madame (1935),1372
Cary Grant,38,Every Girl Should Be Married (1948),1373
Cary Grant,38,Father Goose (1964),1374
Cary Grant,38,Gambling Ship (1933),1375
Cary Grant,38,George Stevens: A Filmmaker's Journey (1985),1376
Cary Grant,38,Grass Is Greener The (1960),1377
Cary Grant,38,Gunga Din (1939),1378
Cary Grant,38,His Girl Friday (1940),1379
Cary Grant,38,Holiday (1938),1380
Cary Grant,38,Hollywood on Parade No. 9 (1933),1222
Cary Grant,38,Hollywood Sex Symbols (1988),1224
Cary Grant,38,Hollywood Without Make-Up (1950),1381
Cary Grant,38,Hooray for Hollywood (1975),1227
Cary Grant,38,Hot Saturday (1932),1382
Cary Grant,38,Houseboat (1958),1383
Cary Grant,38,Howards of Virginia The (1940),1384
Cary Grant,38,I Was a Male War Bride (1949),1385
Cary Grant,38,I'm No Angel (1933),1386
Cary Grant,38,In Name Only (1939),1387
Cary Grant,38,Indiscreet (1958),1388
Cary Grant,38,It's Showtime (1976),1389
Cary Grant,38,Judy Garland's Hollywood (1997),1236
Cary Grant,38,Ken Murray Shooting Stars (1979),1390
Cary Grant,38,Kiss and Make Up (1934),1391
Cary Grant,38,Kiss Them for Me (1957),1392
Cary Grant,38,Ladies Should Listen (1934),1393
Cary Grant,38,Last Outpost The (1935),1394
Cary Grant,38,Legends of Entertainment Video (1995),1240
Cary Grant,38,Love Goddesses The (1965),1242
Cary Grant,38,Madame Butterfly (1932),1395
Cary Grant,38,Merrily We Go to Hell (1932),1396
Cary Grant,38,Monkey Business (1952),1397
Cary Grant,38,Mr. Blandings Builds His Dream House (1948),1398
Cary Grant,38,Mr. Lucky (1943),1399
Cary Grant,38,My Favorite Wife (1940),1400
Cary Grant,38,Night and Day (1946),1401
Cary Grant,38,None But the Lonely Heart (1944),1402
Cary Grant,38,North by Northwest (1959),1403
Cary Grant,38,Notorious (1946),1404
Cary Grant,38,Notre Dame de la Croisette (1981),1405
Cary Grant,38,Once Upon a Honeymoon (1942),1406
Cary Grant,38,Once Upon a Time (1944),1407
Cary Grant,38,Only Angels Have Wings (1939),1408
Cary Grant,38,Operation Petticoat (1959),1409
Cary Grant,38,Penny Serenade (1941),1410
Cary Grant,38,People Will Talk (1951),1411
Cary Grant,38,Philadelphia Story The (1940),1412
Cary Grant,38,Pirate Party on Catalina Isle (1935),1413
Cary Grant,38,Pride and the Passion The (1957),1414
Cary Grant,38,Road to Victory (1944),1415
Cary Grant,38,Room for One More (1952),1416
Cary Grant,38,She Done Him Wrong (1933),1417
Cary Grant,38,Singapore Sue (1932),1418
Cary Grant,38,Sinners in the Sun (1932),1419
Cary Grant,38,Suspicion (1941),1420
Cary Grant,38,Suzy (1936),1421
Cary Grant,38,Sylvia Scarlett (1935),1422
Cary Grant,38,Talk of the Town The (1942),1423
Cary Grant,38,Terror in the Aisles (1984),1424
Cary Grant,38,That Touch of Mink (1962),1425
Cary Grant,38,That's Action (1977),1426
Cary Grant,38,That's Dancing! (1985),1285
Cary Grant,38,That's Entertainment! (1974),1286
Cary Grant,38,That's Entertainment Part II (1976),1287
Cary Grant,38,Thirty Day Princess (1934),1427
Cary Grant,38,This Is the Night (1932),1428
Cary Grant,38,To Catch a Thief (1955),1429
Cary Grant,38,Toast of New York The (1937),1430
Cary Grant,38,Topper (1937),1431
Cary Grant,38,Topper Takes a Trip (1939),1432
Cary Grant,38,Tribute to the Will Rogers Memorial Hospital A (1965),1433
Cary Grant,38,True Love (2003),1434
Cary Grant,38,Walk Don't Run (1966),1435
Cary Grant,38,Wedding Present (1936),1436
Cary Grant,38,When You're in Love (1937),1437
Cary Grant,38,Wings in the Dark (1935),1438
Cary Grant,38,Without Reservations (1946),1439
Cary Grant,38,Woman Accused (1933),1440
Charles Grodin (I),39,11 Harrowhouse (1974),1441
Charles Grodin (I),39,20000 Leagues Under the Sea (1954),1442
Charles Grodin (I),39,Beethoven (1992),1443
Charles Grodin (I),39,Beethoven's 2nd (1993),1444
Charles Grodin (I),39,Catch-22 (1970),1445
Charles Grodin (I),39,Clifford (1994),1446
Charles Grodin (I),39,Couch Trip The (1988),1447
Charles Grodin (I),39,Cranium Command (1989),1448
Charles Grodin (I),39,Dave (1993),1449
Charles Grodin (I),39,Great Muppet Caper The (1981),1450
Charles Grodin (I),39,Heart and Souls (1993),1451
Charles Grodin (I),39,Heartbreak Kid The (1972),1452
Charles Grodin (I),39,Heaven Can Wait (1978),1453
Charles Grodin (I),39,Incredible Shrinking Woman The (1981),1454
Charles Grodin (I),39,Ishtar (1987),1455
Charles Grodin (I),39,It's My Turn (1980),1456
Charles Grodin (I),39,King Kong (1976),1457
Charles Grodin (I),39,Last Resort (1986),1458
Charles Grodin (I),39,Lonely Guy The (1984),1459
Charles Grodin (I),39,Midnight Run (1988),1460
Charles Grodin (I),39,Movers and Shakers (1985),1461
Charles Grodin (I),39,My Summer Story (1994),1462
Charles Grodin (I),39,Real Life (1979),1463
Charles Grodin (I),39,Rosemary's Baby (1968),1464
Charles Grodin (I),39,Seems Like Old Times (1980),1465
Charles Grodin (I),39,Sex and the College Girl (1964),1466
Charles Grodin (I),39,So I Married an Axe Murderer (1993),1467
Charles Grodin (I),39,Sunburn (1979),1468
Charles Grodin (I),39,Taking Care of Business (1990),1469
Charles Grodin (I),39,Thieves (1977),1470
Charles Grodin (I),39,Woman in Red The (1984),1471
Charles Grodin (I),39,You Can't Hurry Love (1988),1472
Alec Guinness,40,Barnacle Bill (1957),1473
Alec Guinness,40,Bridge on the River Kwai The (1957),1474
Alec Guinness,40,Captain's Paradise The (1953),1475
Alec Guinness,40,Card The (1952),1476
Alec Guinness,40,Comedians in Africa The (1967),1477
Alec Guinness,40,Comedians The (1967),1478
Alec Guinness,40,Cromwell (1970),1479
Alec Guinness,40,Doctor Zhivago (1965),1480
Alec Guinness,40,Evensong (1934),1481
Alec Guinness,40,Fall of the Roman Empire The (1964),1482
Alec Guinness,40,Father Brown (1954),1483
Alec Guinness,40,Foreign Field A (1993),1484
Alec Guinness,40,Fratello sole sorella luna (1972),1485
Alec Guinness,40,Geisha Boy The (1958),1486
Alec Guinness,40,Grace Kelly: The American Princess (1991),1487
Alec Guinness,40,Great Expectations (1946),1488
Alec Guinness,40,H.M.S. Defiant (1962),1489
Alec Guinness,40,Handful of Dust A (1988),1490
Alec Guinness,40,Hitler: The Last Ten Days (1973),1491
Alec Guinness,40,Horse's Mouth The (1958),1492
Alec Guinness,40,Hotel Paradiso (1966),1493
Alec Guinness,40,Kafka (1991),1494
Alec Guinness,40,Kind Hearts and Coronets (1949),1495
Alec Guinness,40,Ladykillers The (1955),1496
Alec Guinness,40,Last Holiday (1950),1497
Alec Guinness,40,Lavender Hill Mob The (1951),1498
Alec Guinness,40,Lawrence of Arabia (1962),1499
Alec Guinness,40,Little Dorrit (1988),1500
Alec Guinness,40,Lovesick (1983),1501
Alec Guinness,40,Majority of One A (1962),1502
Alec Guinness,40,Making of 'Lawrence of Arabia' The (2003),1503
Alec Guinness,40,Making of 'The Bridge on the River Kwai' The (2000),1504
Alec Guinness,40,Malta Story (1953),1505
Alec Guinness,40,Man in the White Suit The (1951),1506
Alec Guinness,40,Mudlark The (1950),1507
Alec Guinness,40,Murder by Death (1976),1508
Alec Guinness,40,Mute Witness (1994),1509
Alec Guinness,40,Oliver Twist (1948),1510
Alec Guinness,40,Our Man in Havana (1959),1511
Alec Guinness,40,Passage to India A (1984),1512
Alec Guinness,40,Pasternak (1965),1513
Alec Guinness,40,Prisoner The (1955),1514
Alec Guinness,40,Quiller Memorandum The (1966),1515
Alec Guinness,40,Raise the Titanic (1980),1516
Alec Guinness,40,Rowlandson's England (1955),1517
Alec Guinness,40,Run for Your Money A (1949),1518
Alec Guinness,40,Scapegoat The (1959),1519
Alec Guinness,40,Scrooge (1970),1520
Alec Guinness,40,Situation Hopeless... But Not Serious (1965),1521
Alec Guinness,40,Square Mile The (1953),1522
Alec Guinness,40,Star Wars (1977),1523
Alec Guinness,40,Star Wars (1983),1524
Alec Guinness,40,Star Wars: Battlefront (2004),1525
Alec Guinness,40,Star Wars: Episode V - The Empire Strikes Back (1980),1526
Alec Guinness,40,Star Wars: Episode VI - Return of the Jedi (1983),1527
Alec Guinness,40,Stratford Adventure The (1954),1528
Alec Guinness,40,Swan The (1956),1529
Alec Guinness,40,To Paris with Love (1955),1530
Alec Guinness,40,To See Such Fun (1977),1531
Alec Guinness,40,Tunes of Glory (1960),1532
Jester Hairston,41,Being John Malkovich (1999),1084
Danial Hakimi,42,Cheshmane John Malkovich (2004),1001
Anthony Michael Hall,43,Greatest Summer of My Life: Billy Crystal and the Making of '61*' The (2001),1086
Daniel Hansen,44,Being John Malkovich (1999),1084
Isaac Hanson,45,Being John Malkovich (1999),1084
Taylor Hanson,46,Being John Malkovich (1999),1084
Zac Hanson,47,Being John Malkovich (1999),1084
Reginald C. Hayes,48,Being John Malkovich (1999),1084
Dustin Hoffman,49,Being John Malkovich (1999),1084
Rhys Ifans,50,Adam Sandler Goes to Hell (2001),1085
Victor Isaac,51,Being John Malkovich (1999),1084
Carlos Jacott,52,Being John Malkovich (1999),1084
Thomas Jane,53,Greatest Summer of My Life: Billy Crystal and the Making of '61*' The (2001),1086
Sylvester Jenkins,54,Being John Malkovich (1999),1084
Roy C. Johnson,55,Being John Malkovich (1999),1084
James Earl Jones,56,Africa: The Serengeti (1994),1533
James Earl Jones,56,Allan Quatermain and the Lost City of Gold (1987),1534
James Earl Jones,56,Allen Boesak: Choosing for Justice (1984),1535
James Earl Jones,56,Ambulance The (1990),1536
James Earl Jones,56,Annihilation of Fish The (1999),1537
James Earl Jones,56,Antietam: A Documentary Drama (2000),1538
James Earl Jones,56,Art of Stanley Kubrick: From Short Films to Strangelove The (2000),1539
James Earl Jones,56,Beauty and the Beast: The Story Behind the Story (2002),1540
James Earl Jones,56,Best of the Best (1989),1541
James Earl Jones,56,Bingo Long Traveling All-Stars & Motor Kings The (1976),1542
James Earl Jones,56,Black Indians: An American Story (2001),1543
James Earl Jones,56,Black Theatre: The Making of a Movement (1978),1544
James Earl Jones,56,Blood Tide (1982),1545
James Earl Jones,56,Bushido Blade The (1981),1546
James Earl Jones,56,Casper: A Spirited Beginning (1997),1547
James Earl Jones,56,City Limits (1985),1548
James Earl Jones,56,Claudine (1974),1549
James Earl Jones,56,Clean Slate (1994),1550
James Earl Jones,56,Clear and Present Danger (1994),1551
James Earl Jones,56,Comedians in Africa The (1967),1477
James Earl Jones,56,Comedians The (1967),1478
James Earl Jones,56,Coming to America (1988),1552
James Earl Jones,56,Command & Conquer: Tiberian Sun (1999),1553
James Earl Jones,56,Conan the Barbarian (1982),1554
James Earl Jones,56,Conan Unchained: The Making of 'Conan' (2000),1555
James Earl Jones,56,Convicts (1990),1556
James Earl Jones,56,Countdown to Freedom: 10 Days That Changed South Africa (1994),1557
James Earl Jones,56,Cry the Beloved Country (1995),1558
James Earl Jones,56,Dangerous: The Short Films (1993),1559
James Earl Jones,56,Deadly Hero (1976),1560
James Earl Jones,56,Disney's American Legends (2001),1561
James Earl Jones,56,Dr. Strangelove or: How I Learned to Stop Worrying and Love the Bomb (1964),1562
James Earl Jones,56,Dreamrider (1993),1563
James Earl Jones,56,Ennis' Gift (2000),1313
James Earl Jones,56,Excessive Force (1993),1564
James Earl Jones,56,Exorcist II: The Heretic (1977),1565
James Earl Jones,56,Family Thing A (1996),1566
James Earl Jones,56,Fantasia/2000 (1999),1567
James Earl Jones,56,Field of Dreams (1989),1568
James Earl Jones,56,Finder's Fee (2001),1569
James Earl Jones,56,Flight of Dragons The (1982),1570
James Earl Jones,56,Freddie as F.R.O.7 (1992),1571
James Earl Jones,56,Gang Related (1997),1572
James Earl Jones,56,Gardens of Stone (1987),1573
James Earl Jones,56,Good Luck (1996),1574
James Earl Jones,56,Great White Hope The (1970),1575
James Earl Jones,56,Great Year The (2004),1576
James Earl Jones,56,Greatest The (1977),1577
James Earl Jones,56,Grim Prairie Tales (1990),1578
James Earl Jones,56,Hunt for Red October The (1990),1579
James Earl Jones,56,Hunting of the Snark The (1989),1580
James Earl Jones,56,Inside the Making of Dr. Strangelove (2000),1581
James Earl Jones,56,Jefferson in Paris (1995),1582
James Earl Jones,56,Judge Dredd (1995),1583
James Earl Jones,56,King: A Filmed Record... Montgomery to Memphis (1970),1584
James Earl Jones,56,Last Remake of Beau Geste The (1977),1585
James Earl Jones,56,Lion King II: Simba's Pride The (1998),1586
James Earl Jones,56,Lion King The (1994),1587
James Earl Jones,56,Looking for Richard (1996),1588
James Earl Jones,56,Making of 'Jurassic Park' The (1995),1589
James Earl Jones,56,Malcolm X (1972),1590
James Earl Jones,56,Man The (1972),1591
James Earl Jones,56,Matewan (1987),1592
James Earl Jones,56,Meteor Man The (1993),1593
James Earl Jones,56,Michael Jackson: The Legend Continues (1988),1594
James Earl Jones,56,Monopoly Star Wars (1997),1595
James Earl Jones,56,Muhammad Ali: Through the Eyes of the World (2001),1110
James Earl Jones,56,My Little Girl (1986),1596
James Earl Jones,56,Naked Gun 33 1/3: The Final Insult (1994),1597
James Earl Jones,56,New York City... Come Visit the World (1998),1598
James Earl Jones,56,On the Q.T. (1999),1599
James Earl Jones,56,Our Friend Martin (1999),1331
James Earl Jones,56,Papp Project The (2001),1600
James Earl Jones,56,Patriot Games (1992),1601
James Earl Jones,56,Piece of the Action A (1977),1602
James Earl Jones,56,Pinocchio and the Emperor of the Night (1987),1603
James Earl Jones,56,Primary Colors (1998),1604
James Earl Jones,56,Ramayana: The Legend of Prince Rama (1992),1605
James Earl Jones,56,Recess Christmas: Miracle on Third Street (2001),1606
James Earl Jones,56,River Niger The (1976),1607
James Earl Jones,56,Sandlot 2 The (2005),1608
James Earl Jones,56,Sandlot The (1993),1609
James Earl Jones,56,Scorchers (1991),1610
James Earl Jones,56,Second Coming The (1992),1611
James Earl Jones,56,Sneakers (1992),1612
James Earl Jones,56,Sommersby (1993),1613
James Earl Jones,56,Soul Man (1986),1614
James Earl Jones,56,SpongeBob SquarePants Movie The (2004),1615
James Earl Jones,56,Star Wars (1977),1523
James Earl Jones,56,Star Wars (1983),1524
James Earl Jones,56,Star Wars: Episode III - Revenge of the Sith (2005),1616
James Earl Jones,56,Star Wars: Episode V - The Empire Strikes Back (1980),1526
James Earl Jones,56,Star Wars: Episode VI - Return of the Jedi (1983),1527
James Earl Jones,56,Swashbuckler (1976),1617
James Earl Jones,56,Terrorgram (1988),1618
James Earl Jones,56,Three Fugitives (1989),1619
James Earl Jones,56,Tina Turner: One Last Time Live in Concert (2000),1620
James Earl Jones,56,True Identity (1991),1621
James Earl Jones,56,Twister: A Musical Catastrophe (2000),1622
James Earl Jones,56,Under a Killing Moon (1994),1623
James Earl Jones,56,Undercover Angel (1999),1624
Spike Jonze,57,Being John Malkovich (1999),1084
Harvey Keitel,58,Adam Sandler Goes to Hell (2001),1085
John F. Kennedy,59,Greatest Summer of My Life: Billy Crystal and the Making of '61*' The (2001),1086
Marc Kolbe,60,Adam Sandler Goes to Hell (2001),1085
Christopher Lee (I),61,100 Years of Horror (1996),1625
Christopher Lee (I),61,100 Years of Horror: Freaks (1996),1626
Christopher Lee (I),61,100 Years of Horror: Giants and Dinosaurs (1996),1627
Christopher Lee (I),61,100 Years of Horror: Maniacs (1996),1628
Christopher Lee (I),61,100 Years of Horror: Scream Queens (1996),1629
Christopher Lee (I),61,100 Years of Horror: Sorcerers (1996),1630
Christopher Lee (I),61,100 Years of Horror: The Aristocrats of Evil (1996),1631
Christopher Lee (I),61,100 Years of Horror: The Count and Company (1996),1632
Christopher Lee (I),61,100 Years of Horror: The Double Demons (1996),1633
Christopher Lee (I),61,100 Years of Horror: The Evil Unseeable (1996),1634
Christopher Lee (I),61,100 Years of Horror: The Frankenstein Family (1996),1635
Christopher Lee (I),61,100 Years of Horror: The Monster Makers (1996),1636
Christopher Lee (I),61,100 Years of Horror: The Walking Dead (1996),1637
Christopher Lee (I),61,100 Years of Horror: Witchcraft and Demons (1996),1638
Christopher Lee (I),61,1941 (1979),1639
Christopher Lee (I),61,Actor's Notebook: Christopher Lee (2002),1122
Christopher Lee (I),61,Adventures of Young Indiana Jones: Adventures in the Secret Service The (1999),1640
Christopher Lee (I),61,Airport '77 (1977),1641
Christopher Lee (I),61,Albino (1976),1642
Christopher Lee (I),61,Alias John Preston (1956),1643
Christopher Lee (I),61,Amere victoire (1957),1644
Christopher Lee (I),61,Arabian Adventure (1979),1645
Christopher Lee (I),61,Avaro L' (1990),1646
Christopher Lee (I),61,Babes in Bagdad (1952),1647
Christopher Lee (I),61,Battle of the River Plate The (1956),1648
Christopher Lee (I),61,Battle of the V.1 The (1958),1649
Christopher Lee (I),61,Bear Island (1979),1650
Christopher Lee (I),61,Beat Girl (1960),1651
Christopher Lee (I),61,Beyond Mombasa (1956),1652
Christopher Lee (I),61,Blood of Fu Manchu The (1968),1653
Christopher Lee (I),61,Boucher la star et l'orpheline Le (1975),1654
Christopher Lee (I),61,Brides of Fu Manchu The (1966),1655
Christopher Lee (I),61,Captain Horatio Hornblower R.N. (1951),1656
Christopher Lee (I),61,Caravans (1978),1657
Christopher Lee (I),61,Castello dei morti vivi Il (1964),1658
Christopher Lee (I),61,Century of Science Fiction A (1996),1659
Christopher Lee (I),61,Charlie and the Chocolate Factory (2005),1660
Christopher Lee (I),61,Chute des aigles La (1989),1661
Christopher Lee (I),61,Circle of Iron (1978),1662
Christopher Lee (I),61,Circus of Fear (1966),1663
Christopher Lee (I),61,City of the Dead The (1960),1664
Christopher Lee (I),61,Cockleshell Heroes The (1955),1665
Christopher Lee (I),61,Conde Dracula El (1970),1666
Christopher Lee (I),61,Conquest: Frontier Wars (2001),1667
Christopher Lee (I),61,Corpse Bride The (2005),1668
Christopher Lee (I),61,Corridor of Mirrors (1948),1669
Christopher Lee (I),61,Corridors of Blood (1962),1670
Christopher Lee (I),61,Creeping Flesh The (1973),1671
Christopher Lee (I),61,Crimson Pirate The (1952),1672
Christopher Lee (I),61,Curse III: Blood Sacrifice (1991),1673
Christopher Lee (I),61,Curse of Frankenstein The (1957),1674
Christopher Lee (I),61,Curse of the Crimson Altar (1968),1675
Christopher Lee (I),61,Dare to Dream (1998),1676
Christopher Lee (I),61,Dark Avenger The (1955),1677
Christopher Lee (I),61,Dark Mission (Operacion cocaina) (1988),1678
Christopher Lee (I),61,Dark Places (1973),1679
Christopher Lee (I),61,Death Line (1972),1680
Christopher Lee (I),61,Desperate Moves (1981),1681
Christopher Lee (I),61,Destination Milan (1954),1682
Christopher Lee (I),61,Devil Rides Out The (1968),1683
Christopher Lee (I),61,Devil's Agent The (1961),1684
Christopher Lee (I),61,Devil-Ship Pirates The (1964),1685
Christopher Lee (I),61,Diagnosis: Murder (1975),1686
Christopher Lee (I),61,Dr. Terror's House of Horrors (1965),1687
Christopher Lee (I),61,Dracula (1958),1688
Christopher Lee (I),61,Dracula A.D. 1972 (1972),1689
Christopher Lee (I),61,Dracula Has Risen from the Grave (1968),1690
Christopher Lee (I),61,Dracula pere et fils (1976),1691
Christopher Lee (I),61,Dracula: Prince of Darkness (1966),1692
Christopher Lee (I),61,End of the World (1977),1693
Christopher Lee (I),61,Ercole al centro della terra (1961),1694
Christopher Lee (I),61,Everquest II (2004),1695
Christopher Lee (I),61,Eye for an Eye An (1981),1696
Christopher Lee (I),61,Face of Eve The (1968),1697
Christopher Lee (I),61,Face of Fu Manchu The (1965),1698
Christopher Lee (I),61,Feast at Midnight A (1994),1699
Christopher Lee (I),61,Final Column (1955),1700
Christopher Lee (I),61,Five Golden Dragons (1967),1701
Christopher Lee (I),61,Folterkammer des Dr. Fu Man Chu Die (1969),1702
Christopher Lee (I),61,Fortune Is a Woman (1957),1703
Christopher Lee (I),61,Four Musketeers The (1974),1704
Christopher Lee (I),61,Freelancer (2003),1705
Christopher Lee (I),61,From Puppets to Pixels: Digital Characters in Episode II (2002),1706
Christopher Lee (I),61,Frusta e il corpo La (1963),1707
Christopher Lee (I),61,Funny Man (1994),1708
Christopher Lee (I),61,Geheimnis der gelben Narzissen Das (1961),1709
Christopher Lee (I),61,Girl The (1986),1710
Christopher Lee (I),61,Glubina (2006),1711
Christopher Lee (I),61,GoldenEye: Rogue Agent (2004),1712
Christopher Lee (I),61,Gorgon The (1964),1713
Christopher Lee (I),61,Greasepaint and Gore Part 2: The Hammer Monsters of Roy Ashton (2004),1714
Christopher Lee (I),61,Greasepaint and Gore: The Hammer Monsters of Phil Leakey (2004),1715
Christopher Lee (I),61,Gremlins 2: The New Batch (1990),1716
Christopher Lee (I),61,Hamlet (1948),1717
Christopher Lee (I),61,Hands of Orlac The (1961),1718
Christopher Lee (I),61,Hannie Caulder (1971),1719
Christopher Lee (I),61,Honeymoon Academy (1990),1720
Christopher Lee (I),61,Horror Express (1973),1721
Christopher Lee (I),61,Hound of the Baskervilles The (1959),1722
Christopher Lee (I),61,House of the Long Shadows (1983),1723
Christopher Lee (I),61,House That Dripped Blood The (1970),1724
Christopher Lee (I),61,Howling II (1985),1725
Christopher Lee (I),61,I Monster (1971),1726
Christopher Lee (I),61,Ian Fleming: 007's Creator (2000),1727
Christopher Lee (I),61,Ill Met by Moonlight (1957),1728
Christopher Lee (I),61,Innocents in Paris (1952),1729
Christopher Lee (I),61,Inside 'The Man with the Golden Gun' (2000),1730
Christopher Lee (I),61,Jackpot (1992),1731
Christopher Lee (I),61,Jaguar Lives! (1979),1732
Christopher Lee (I),61,Jinnah (1998),1733
Christopher Lee (I),61,Jocks (1987),1734
Christopher Lee (I),61,Julius Caesar (1970),1735
Christopher Lee (I),61,Katarsis (1963),1736
Christopher Lee (I),61,Keeper The (1976),1737
Christopher Lee (I),61,Killer Force (1976),1738
Christopher Lee (I),61,Last Unicorn The (1982),1739
Christopher Lee (I),61,Last Unicorn The (2006),1740
Christopher Lee (I),61,Lolita (1962),1741
Christopher Lee (I),61,Lord of the Rings: The Fellowship of the Ring The (2001),1742
Christopher Lee (I),61,Lord of the Rings: The Return of the King The (2003),1743
Christopher Lee (I),61,Lord of the Rings: The Two Towers The (2002),1744
Christopher Lee (I),61,Magic Christian The (1969),1745
Christopher Lee (I),61,Making of a Legend The (2003),1746
Christopher Lee (I),61,Maldicion de los Karnstein La (1963),1747
Christopher Lee (I),61,Man in Demand (1955),1748
Christopher Lee (I),61,Man Who Could Cheat Death The (1959),1749
Christopher Lee (I),61,Man with the Golden Gun The (1974),1750
Christopher Lee (I),61,Manuela (1957),1751
Christopher Lee (I),61,Many Faces of Christopher Lee The (1996),1752
Christopher Lee (I),61,Mask of Murder (1985),1753
Christopher Lee (I),61,May Day (2004),1754
Christopher Lee (I),61,Meatcleaver Massacre (1977),1755
Christopher Lee (I),61,Mio min Mio (1987),1072
Christopher Lee (I),61,Moulin Rouge (1952),1756
Christopher Lee (I),61,Mummy The (1959),1757
Christopher Lee (I),61,Murder Story (1989),1758
Christopher Lee (I),61,My Brother's Keeper (1948),1759
Christopher Lee (I),61,New Magic (1983),1760
Christopher Lee (I),61,Night of the Big Heat (1967),1761
Christopher Lee (I),61,Nothing But the Night (1972),1762
Christopher Lee (I),61,Nutcracker Fantasy (1979),1763
Christopher Lee (I),61,Oblong Box The (1969),1764
Christopher Lee (I),61,One Night with You (1948),1765
Christopher Lee (I),61,Passage The (1979),1766
Christopher Lee (I),61,Paul Temple Returns (1952),1767
Christopher Lee (I),61,Penny and the Pownall Case (1948),1768
Christopher Lee (I),61,Pirates of Blood River The (1962),1769
Christopher Lee (I),61,Police Academy: Mission to Moscow (1994),1770
Christopher Lee (I),61,Police Dog (1955),1771
Christopher Lee (I),61,Port Afrique (1956),1772
Christopher Lee (I),61,Prelude to Fame (1950),1773
Christopher Lee (I),61,Private Life of Sherlock Holmes The (1970),1774
Christopher Lee (I),61,Private's Progress (1956),1775
Christopher Lee (I),61,Rainbow Thief The (1990),1776
Christopher Lee (I),61,Rasputin: The Mad Monk (1966),1777
Christopher Lee (I),61,Return from Witch Mountain (1978),1778
Christopher Lee (I),61,Return of Captain Invincible The (1983),1779
Christopher Lee (I),61,Return of the Musketeers The (1989),1780
Christopher Lee (I),61,Rivieres pourpres 2 - Les anges de l'apocalypse Les (2004),1781
Christopher Lee (I),61,Rocky Interactive Horror Show The (1999),1782
Christopher Lee (I),61,Rosebud Beach Hotel The (1984),1783
Christopher Lee (I),61,Ratsel der roten Orchidee Das (1962),1784
Christopher Lee (I),61,Revolution francaise La (1989),1785
Christopher Lee (I),61,Safari 3000 (1982),1786
Christopher Lee (I),61,Salamander The (1981),1787
Christopher Lee (I),61,Saraband for Dead Lovers (1948),1788
Christopher Lee (I),61,Satanic Rites of Dracula The (1974),1789
Christopher Lee (I),61,Scars of Dracula (1970),1790
Christopher Lee (I),61,Schlangengrube und das Pendel Die (1967),1791
Christopher Lee (I),61,Scott of the Antarctic (1948),1792
Christopher Lee (I),61,Scream and Scream Again (1969),1793
Christopher Lee (I),61,Serial (1980),1794
Christopher Lee (I),61,Shaka Zulu (1987),1795
Christopher Lee (I),61,Sherlock Holmes und das Halsband des Todes (1962),1796
Christopher Lee (I),61,Skull The (1965),1797
Christopher Lee (I),61,Sleepy Hollow (1999),1798
Christopher Lee (I),61,Sleepy Hollow: Behind the Legend (2000),1799
Christopher Lee (I),61,Song of Tomorrow (1948),1800
Christopher Lee (I),61,Star Wars: Episode II - Attack of the Clones (2002),1801
Christopher Lee (I),61,Star Wars: Episode III - Revenge of the Sith (2005),1616
Christopher Lee (I),61,Starship Invasions (1977),1802
Christopher Lee (I),61,Storm Over the Nile (1955),1803
Christopher Lee (I),61,Stranglehold (1962),1804
Christopher Lee (I),61,Stupids The (1996),1805
Christopher Lee (I),61,Tale of the Mummy (1998),1806
Christopher Lee (I),61,Tale of Two Cities A (1958),1807
Christopher Lee (I),61,Taste of Fear (1961),1808
Christopher Lee (I),61,Taste the Blood of Dracula (1970),1809
Christopher Lee (I),61,Tempi duri per i vampiri (1959),1810
Christopher Lee (I),61,Ten Little Indians (1965),1811
Christopher Lee (I),61,Terror of the Tongs The (1961),1812
Christopher Lee (I),61,That Lady (1955),1813
Christopher Lee (I),61,Theatre of Death (1966),1814
Christopher Lee (I),61,They Were Not Divided (1950),1815
Christopher Lee (I),61,Three Musketeers The (1973),1816
Christopher Lee (I),61,To the Devil a Daughter (1976),1817
Christopher Lee (I),61,To the Devil... The Death of Hammer (2002),1818
Christopher Lee (I),61,Too Hot to Handle (1960),1819
Christopher Lee (I),61,Top Secret (1952),1820
Christopher Lee (I),61,Traitor The (1957),1821
Christopher Lee (I),61,Treasure of San Teresa The (1959),1822
Christopher Lee (I),61,Trono di fuoco Il (1970),1823
Christopher Lee (I),61,Trottie True (1949),1824
Christopher Lee (I),61,Truth About Women The (1958),1825
Christopher Lee (I),61,Two Faces of Dr. Jekyll The (1960),1826
Christopher Lee (I),61,Umbracle El (1970),1827
Christopher Lee (I),61,Vacances de M. Hulot Les (1953),1828
Christopher Lee (I),61,Valhalla (1986),1829
Christopher Lee (I),61,Valley of Eagles (1951),1830
Christopher Lee (I),61,Vampir-Cuadecuc (1970),1831
Christopher Lee (I),61,Vampire Interviews The (1994),1832
Christopher Lee (I),61,Vem var Dracula? (1975),1833
Christopher Lee (I),61,Vengeance of Fu Manchu The (1967),1834
Christopher Lee (I),61,Vergine di Norimberga La (1963),1835
Christopher Lee (I),61,Victims of Terror (1967),1836
Christopher Lee (I),61,Welcome to the Discworld (1996),1837
Christopher Lee (I),61,Wicker Man Enigma The (2001),1838
Christopher Lee (I),61,Wicker Man The (1973),1839
Kevin Lee (IV),62,Being John Malkovich (1999),1084
Tom 'Tiny' Lister Jr.,63,Adam Sandler Goes to Hell (2001),1085
Eddie J. Low,64,Being John Malkovich (1999),1084
John Malkovich,65,13 French Street (2005),1840
John Malkovich,65,Adaptation. (2002),1841
John Malkovich,65,Al di la delle nuvole (1995),1842
John Malkovich,65,Alive (1993),1843
John Malkovich,65,American Arts & Culture Presents John Horatio Malkovich 'Dance of Despair & Disillusionment' (2000),1844
John Malkovich,65,Art School Confidential (2004),1845
John Malkovich,65,Being John Malkovich (1999),1084
John Malkovich,65,Cannes Man (1996),1846
John Malkovich,65,Cheshmane John Malkovich (2004),1001
John Malkovich,65,Colour Me Kubrick (2005),1847
John Malkovich,65,Con Air (1997),1848
John Malkovich,65,Convento O (1995),1849
John Malkovich,65,Dancer Upstairs The (2002),1850
John Malkovich,65,Dangerous Liaisons (1988),1851
John Malkovich,65,Eleni (1985),1852
John Malkovich,65,Empire of the Sun (1987),1063
John Malkovich,65,Glass Menagerie The (1987),1853
John Malkovich,65,Hideous Man (2002),1854
John Malkovich,65,Hitchhiker's Guide to the Galaxy The (2005),1855
John Malkovich,65,Hotel (2001),1856
John Malkovich,65,In the Line of Fire (1993),1857
John Malkovich,65,Je rentre a la maison (2001),1858
John Malkovich,65,Jennifer Eight (1992),1859
John Malkovich,65,Johnny English (2003),1860
John Malkovich,65,Killing Fields The (1984),1861
John Malkovich,65,Klimt (2005),1862
John Malkovich,65,Knockaround Guys (2001),1863
John Malkovich,65,Libertine The (2004),1864
John Malkovich,65,Making Mr. Right (1987),1865
John Malkovich,65,Man in the Iron Mask The (1998),1866
John Malkovich,65,Mary Reilly (1996),1867
John Malkovich,65,Messenger: The Story of Joan of Arc The (1999),1868
John Malkovich,65,Miles from Home (1988),1869
John Malkovich,65,Mulholland Falls (1996),1870
John Malkovich,65,Object of Beauty The (1991),1871
John Malkovich,65,Of Mice and Men (1992),1872
John Malkovich,65,Places in the Heart (1984),1333
John Malkovich,65,Portrait of a Lady The (1996),1076
John Malkovich,65,Private Conversations (1986),1873
John Malkovich,65,Queens Logic (1991),1042
John Malkovich,65,Rabbit Ears: Santabear's High Flying Adventure (1987),1874
John Malkovich,65,Ripley's Game (2002),1875
John Malkovich,65,Rounders (1998),1876
John Malkovich,65,Shadow of the Vampire (2000),1877
John Malkovich,65,Shadows and Fog (1992),1878
John Malkovich,65,Sheltering Sky The (1990),1879
John Malkovich,65,Speak Truth to Power (2000),1880
John Malkovich,65,Temps retrouve Le (1999),1881
John Malkovich,65,Um Filme Falado (2003),1882
John Malkovich,65,Unhold Der (1996),1883
John Malkovich,65,Ames fortes Les (2001),1884
Mickey Mantle,66,Greatest Summer of My Life: Billy Crystal and the Making of '61*' The (2001),1086
Roger Maris,67,Greatest Summer of My Life: Billy Crystal and the Making of '61*' The (2001),1086
Aredeshir Monazzam,68,Cheshmane John Malkovich (2004),1001
Craig A. Mumma,69,Adam Sandler Goes to Hell (2001),1085
Bill Murray (I),70,Angelic Attire: Dressing Cameron Drew & Lucy (2000),1885
Bill Murray (I),70,Best of Dan Aykroyd The (1986),1886
Bill Murray (I),70,Best of Gilda Radner The (1989),1887
Bill Murray (I),70,Best of John Belushi The (1985),1888
Bill Murray (I),70,Caddyshack (1980),1889
Bill Murray (I),70,Caddyshack: The 19th Hole (1999),1890
Bill Murray (I),70,Charlie's Angels (2000),1891
Bill Murray (I),70,Chainon manquant Le (1980),1892
Bill Murray (I),70,Coffee and Cigarettes (2003),1893
Bill Murray (I),70,Cradle Will Rock (1999),1894
Bill Murray (I),70,Ed Wood (1994),1895
Bill Murray (I),70,Garfield (2004),1896
Bill Murray (I),70,Getting G'd Up (2000),1897
Bill Murray (I),70,Ghost Busters (1984),1898
Bill Murray (I),70,Ghostbusters 1999 (1999),1899
Bill Murray (I),70,Ghostbusters II (1989),1900
Bill Murray (I),70,Ghostbusters' SFX Team Featurette (1999),1901
Bill Murray (I),70,Groundhog Day (1993),1902
Bill Murray (I),70,Kingpin (1996),1903
Bill Murray (I),70,Larger Than Life (1996),1904
Bill Murray (I),70,Life Aquatic with Steve Zissou The (2004),1905
Bill Murray (I),70,Little Shop of Horrors (1986),1906
Bill Murray (I),70,Loose Shoes (1980),1907
Bill Murray (I),70,Lost City The (2004),1908
Bill Murray (I),70,Lost in Translation (2003),1909
Bill Murray (I),70,Lost on Location: Behind the Scenes of 'Lost in Translation' (2004),1910
Bill Murray (I),70,Mad Dog and Glory (1993),1911
Bill Murray (I),70,Man Who Knew Too Little The (1997),1912
Bill Murray (I),70,Master and the Angels The (2000),1913
Bill Murray (I),70,Meatballs (1979),1914
Bill Murray (I),70,Michael Jordan to the Max (2000),1915
Bill Murray (I),70,Mr. Mike's Mondo Video (1979),1916
Bill Murray (I),70,Next Stop Greenwich Village (1976),1917
Bill Murray (I),70,Nothing Lasts Forever (1984),1918
Bill Murray (I),70,Osmosis Jones (2001),1919
Bill Murray (I),70,Quick Change (1990),1920
Bill Murray (I),70,Razor's Edge The (1984),1921
Bill Murray (I),70,Royal Tenenbaums The (2001),1340
Bill Murray (I),70,Rushmore (1998),1922
Bill Murray (I),70,Saturday Night Live Christmas (1999),1923
Bill Murray (I),70,Saturday Night Live: Game Show Parodies (1998),1116
Bill Murray (I),70,Scout's Honor (1999),1924
Bill Murray (I),70,Scrooged (1988),1925
Bill Murray (I),70,She's Having a Baby (1988),1045
Bill Murray (I),70,Space Jam (1996),1926
Bill Murray (I),70,Speaking of Sex (2001),1927
Bill Murray (I),70,Stars and Stripes 1 (2004),1928
Bill Murray (I),70,Stars and Stripes 2 (2004),1929
Bill Murray (I),70,Stripes (1981),1930
Bill Murray (I),70,This Old Cub (2004),1931
Bill Murray (I),70,Tootsie (1982),1932
Bill Murray (I),70,Untitled Jim Jarmusch Project (2005),1933
Bill Murray (I),70,What About Bob? (1991),1934
Bill Murray (I),70,Where the Buffalo Roam (1980),1935
Bill Murray (I),70,Wild Things (1998),1056
Bill Murray (I),70,With Friends Like These... (1998),1936
James Murray (XIII),71,Being John Malkovich (1999),1084
Kevin Nealon,72,Adam Sandler Goes to Hell (2001),1085
Leonard Nimoy,73,Armageddon: Target Earth (1998),1937
Leonard Nimoy,73,Atlantis: The Lost Empire (2001),1938
Leonard Nimoy,73,Balcony The (1963),1939
Leonard Nimoy,73,Bangles Greatest Hits (1990),1940
Leonard Nimoy,73,Brain Eaters The (1959),1941
Leonard Nimoy,73,Carpati: 50 Miles 50 Years (1996),1942
Leonard Nimoy,73,Catlow (1971),1943
Leonard Nimoy,73,Deathwatch (1967),1944
Leonard Nimoy,73,Destiny in Space (1994),1945
Leonard Nimoy,73,First Men on the Moon The (1997),1946
Leonard Nimoy,73,Francis Goes to West Point (1952),1947
Leonard Nimoy,73,Greenhouse Gamble (1992),1948
Leonard Nimoy,73,Halloween Tree The (1993),1949
Leonard Nimoy,73,History Happened Here (2001),1950
Leonard Nimoy,73,Inside Star Trek: The Real Story (1998),1951
Leonard Nimoy,73,Invasion of the Body Snatchers (1978),1952
Leonard Nimoy,73,Jellies & Other Ocean Drifters (1996),1953
Leonard Nimoy,73,Kid Monk Baroni (1952),1954
Leonard Nimoy,73,Leonard Nimoy Demonstrates the Magnavision Videodisc Player (1981),1000
Leonard Nimoy,73,Life Apart: Hasidism in America A (1997),1955
Leonard Nimoy,73,Mind Meld: Secrets Behind the Voyage of a Lifetime (2001),1956
Leonard Nimoy,73,Minyan in Kaifeng (2001),1957
Leonard Nimoy,73,Old Overland Trail (1953),1958
Leonard Nimoy,73,Pagemaster The (1994),1959
Leonard Nimoy,73,Queen for a Day (1951),1960
Leonard Nimoy,73,Rashi: A Light After the Dark Ages (1999),1961
Leonard Nimoy,73,Rhubarb (1951),1962
Leonard Nimoy,73,Satan's Satellites (1958),1963
Leonard Nimoy,73,Seaman (1999),1964
Leonard Nimoy,73,Seven Days in May (1964),1965
Leonard Nimoy,73,Sinbad: Beyond the Veil of Mists (2000),1966
Leonard Nimoy,73,Star Trek III: The Search for Spock (1984),1967
Leonard Nimoy,73,Star Trek IV: The Voyage Home (1986),1968
Leonard Nimoy,73,Star Trek V: The Final Frontier (1989),1969
Leonard Nimoy,73,Star Trek VI: The Undiscovered Country (1991),1970
Leonard Nimoy,73,Star Trek: 25th Anniversary Enhanced (1992),1971
Leonard Nimoy,73,Star Trek: Judgment Rites (1994),1972
Leonard Nimoy,73,Star Trek: Strategic Operations Simulator (1983),1973
Leonard Nimoy,73,Star Trek: The Motion Picture (1979),1974
Leonard Nimoy,73,Star Trek: The Wrath of Khan (1982),1975
Leonard Nimoy,73,Stars of Star Wars: Interviews From the Cast The (1999),1976
Leonard Nimoy,73,Story of Computer Graphics The (1999),1977
Leonard Nimoy,73,Them! (1954),1978
Leonard Nimoy,73,Titanica (1995),1979
Leonard Nimoy,73,Transformers: The Movie The (1986),1980
Leonard Nimoy,73,Trekkies (1997),1981
Leonard Nimoy,73,Twenty-Five Year Mission Tour The (1992),1982
Leonard Nimoy,73,War of the Worlds: Great Books The (1994),1983
Leonard Nimoy,73,William Shatner's Star Trek Memories (1995),1984
Leonard Nimoy,73,Zombies of the Stratosphere (1952),1985
Christopher Nolan,74,180: Christopher Nolan Interviews Al Pacino (2002),1986
Greg O'Neill,75,Being John Malkovich (1999),1084
Ozzy Osbourne,76,Adam Sandler Goes to Hell (2001),1085
Al Pacino,77,...And Justice for All (1979),1987
Al Pacino,77,180: Christopher Nolan Interviews Al Pacino (2002),1986
Al Pacino,77,88 Minutes (2005),1988
Al Pacino,77,America at the Movies (1976),1989
Al Pacino,77,Any Given Sunday (1999),1990
Al Pacino,77,Author! Author! (1982),1991
Al Pacino,77,Bobby Deerfield (1977),1992
Al Pacino,77,Carlito's Way (1993),1993
Al Pacino,77,Chinese Coffee (2000),1994
Al Pacino,77,City Hall (1996),1995
Al Pacino,77,Cruising (1980),1996
Al Pacino,77,Devil's Advocate The (1997),1997
Al Pacino,77,Dick Tracy (1990),1998
Al Pacino,77,Dog Day Afternoon (1975),1999
Al Pacino,77,Donnie Brasco (1997),2000
Al Pacino,77,Frankie and Johnny (1991),2001
Al Pacino,77,Gigli (2003),2002
Al Pacino,77,Glengarry Glen Ross (1992),2003
Al Pacino,77,Godfather Trilogy: 1901-1980 The (1992),2004
Al Pacino,77,Godfather The (1972),2005
Al Pacino,77,Godfather: Part II The (1974),2006
Al Pacino,77,Godfather: Part III The (1990),2007
Al Pacino,77,Heat (1995),2008
Al Pacino,77,Insider The (1999),2009
Al Pacino,77,Insomnia (2002),2010
Al Pacino,77,Jonas in the Desert (1994),2011
Al Pacino,77,Kid Stays In the Picture The (2002),2012
Al Pacino,77,Local Stigmatic The (1989),2013
Al Pacino,77,Looking for Richard (1996),1588
Al Pacino,77,Madonna: Truth or Dare (1991),2014
Al Pacino,77,Me Natalie (1969),2015
Al Pacino,77,Merchant of Venice The (2004),2016
Al Pacino,77,Panic in Needle Park The (1971),2017
Al Pacino,77,People I Know (2002),2018
Al Pacino,77,Pitch (1997),2019
Al Pacino,77,Recruit The (2003),2020
Al Pacino,77,Revolution (1985),2021
Al Pacino,77,S1m0ne (2002),2022
Al Pacino,77,Scarecrow (1973),2023
Al Pacino,77,Scarface: Acting (2003),2024
Al Pacino,77,Scarface: Creating (2003),2025
Al Pacino,77,Scarface: The Rebirth (2003),2026
Al Pacino,77,Scent of a Woman (1992),2027
Al Pacino,77,Sea of Love (1989),2028
Al Pacino,77,Serpico (1973),2029
Al Pacino,77,Torch (2006),2030
Al Pacino,77,Two Bits (1995),2031
Al Pacino,77,Two for the Money (2005),2032
Al Pacino,77,Ultimate Fights from the Movies (2002),2033
Rocco Passionino,78,Adam Sandler Goes to Hell (2001),1085
Sean Penn,79,Being John Malkovich (1999),1084
Barry Pepper,80,Greatest Summer of My Life: Billy Crystal and the Making of '61*' The (2001),1086
Brad Pitt,81,Being John Malkovich (1999),1084
Byrne Piven,82,Being John Malkovich (1999),1084
Vladimir Putin,83,Cheshmane John Malkovich (2004),1001
Paul Reubens,84,Back to the Beach (1987),2034
Paul Reubens,84,Batman Returns (1992),2035
Paul Reubens,84,Beauty and the Beast: The Enchanted Christmas (1997),2036
Paul Reubens,84,Big Top Pee-wee (1988),2037
Paul Reubens,84,Blow (2001),2038
Paul Reubens,84,Blues Brothers The (1980),2039
Paul Reubens,84,Buddy (1997),2040
Paul Reubens,84,Buffy the Vampire Slayer (1992),2041
Paul Reubens,84,Cheech & Chong's Next Movie (1980),2042
Paul Reubens,84,Doctor Dolittle (1998),2043
Paul Reubens,84,Dream On (1981),2044
Paul Reubens,84,Dunston Checks In (1996),2045
Paul Reubens,84,Flight of the Navigator (1986),2046
Paul Reubens,84,Matilda (1996),2047
Paul Reubens,84,Mayor of the Sunset Strip (2003),2048
Paul Reubens,84,Meatballs Part II (1984),2049
Paul Reubens,84,Midnight Madness (1980),2050
Paul Reubens,84,Moonwalker (1988),2051
Paul Reubens,84,Mystery Men (1999),2052
Paul Reubens,84,Nice Dreams (1981),2053
Paul Reubens,84,Nightmare Before Christmas The (1993),2054
Paul Reubens,84,Pandemonium (1982),2055
Paul Reubens,84,Pee-wee's Big Adventure (1985),2056
Paul Reubens,84,Pray TV (1980),2057
Paul Reubens,84,South of Heaven West of Hell (2000),2058
Paul Reubens,84,Spotlight on Location: Mystery Men (2000),2059
Paul Reubens,84,Star Tours (1987),2060
Paul Reubens,84,Teacher's Pet (2004),2061
Hamed Rezai,85,Cheshmane John Malkovich (2004),1001
Alan Rickman,86,Awfully Big Adventure An (1995),2062
Alan Rickman,86,Blow Dry (2001),2063
Alan Rickman,86,Bob Roberts (1992),2064
Alan Rickman,86,Check the Gate: Putting Beckett on Film (2003),2065
Alan Rickman,86,Close My Eyes (1991),2066
Alan Rickman,86,Closet Land (1991),2067
Alan Rickman,86,Dark Harbor (1998),2068
Alan Rickman,86,Die Hard (1988),2069
Alan Rickman,86,Die Hard: With a Vengeance (1995),2070
Alan Rickman,86,Dogma (1999),2071
Alan Rickman,86,Galaxy Quest (1999),2072
Alan Rickman,86,Harry Potter and the Chamber of Secrets (2002),2073
Alan Rickman,86,Harry Potter and the Goblet of Fire (2005),2074
Alan Rickman,86,Harry Potter and the Prisoner of Azkaban (2004),2075
Alan Rickman,86,Harry Potter and the Sorcerer's Stone (2001),2076
Alan Rickman,86,Hjaelp jeg er en fisk (2000),2077
Alan Rickman,86,January Man (1989),2078
Alan Rickman,86,Judas Kiss (1998),2079
Alan Rickman,86,Judge Not: In Defense of Dogma (2001),2080
Alan Rickman,86,Love Actually (2003),2081
Alan Rickman,86,Lumiere et compagnie (1995),2082
Alan Rickman,86,Mesmer (1994),2083
Alan Rickman,86,Michael Collins (1996),2084
Alan Rickman,86,Play (2000),2085
Alan Rickman,86,Quigley Down Under (1990),2086
Alan Rickman,86,Robin Hood: Prince of Thieves (1991),1167
Alan Rickman,86,Search for John Gissing The (2001),2087
Alan Rickman,86,Sense and Sensibility (1995),2088
Alan Rickman,86,Truly Madly Deeply (1991),2089
Alan Rickman,86,Winter Guest The (1997),2090
Neil Ross (I),87,Being John Malkovich (1999),1084
Babe Ruth,88,Greatest Summer of My Life: Billy Crystal and the Making of '61*' The (2001),1086
Bill M. Ryusaki,89,Being John Malkovich (1999),1084
Adam Sandler (I),90,50 First Dates (2004),2091
Adam Sandler (I),90,Adam Sandler Goes to Hell (2001),1085
Adam Sandler (I),90,Airheads (1994),2092
Adam Sandler (I),90,Anger Management (2003),2093
Adam Sandler (I),90,Animal The (2001),2094
Adam Sandler (I),90,Big Daddy (1999),2095
Adam Sandler (I),90,Billy Madison (1995),2096
Adam Sandler (I),90,Blossoms & Blood (2003),2097
Adam Sandler (I),90,Bulletproof (1996),2098
Adam Sandler (I),90,Coneheads (1993),2099
Adam Sandler (I),90,Dating Scene The (2004),2100
Adam Sandler (I),90,Day with the Meatball A (2002),2101
Adam Sandler (I),90,Dirty Work (1998),2102
Adam Sandler (I),90,Eight Crazy Nights (2002),2103
Adam Sandler (I),90,Going Overboard (1989),2104
Adam Sandler (I),90,Happy Gilmore (1996),2105
Adam Sandler (I),90,Hot Chick The (2002),2106
Adam Sandler (I),90,Little Nicky (2000),2107
Adam Sandler (I),90,Longest Yard The (2005),2108
Adam Sandler (I),90,Mixed Nuts (1994),2109
Adam Sandler (I),90,Mr. Deeds (2002),2110
Adam Sandler (I),90,My Buddy Jack (2003),2111
Adam Sandler (I),90,Punch-Drunk Love (2002),2112
Adam Sandler (I),90,Satan's Top Forty (2001),2113
Adam Sandler (I),90,Saturday Night Live Christmas (1999),1923
Adam Sandler (I),90,Saturday Night Live: Game Show Parodies (1998),1116
Adam Sandler (I),90,Shakes the Clown (1992),2114
Adam Sandler (I),90,Skull Session: The Making of 'Anger Management' (2003),2115
Adam Sandler (I),90,Spanglish (2004),2116
Adam Sandler (I),90,Stupidity (2003),2117
Adam Sandler (I),90,Waterboy The (1998),2118
Adam Sandler (I),90,Wedding Singer The (1998),2119
Adam Sandler (I),90,Wild Desk Ride (2001),2120
Arnold Schwarzenegger,91,6th Day The (2000),2121
Arnold Schwarzenegger,91,Anthony Quinn: The Final Words (2001),2122
Arnold Schwarzenegger,91,Around the World in 80 Days (2004),2123
Arnold Schwarzenegger,91,Batman & Robin (1997),2124
Arnold Schwarzenegger,91,Beretta's Island (1994),2125
Arnold Schwarzenegger,91,Body by Garret (1982),2126
Arnold Schwarzenegger,91,Century of Cinema A (1994),1095
Arnold Schwarzenegger,91,Century of Science Fiction A (1996),1659
Arnold Schwarzenegger,91,Collateral Damage (2002),2127
Arnold Schwarzenegger,91,Comeback The (1980),2128
Arnold Schwarzenegger,91,Commando (1985),2129
Arnold Schwarzenegger,91,Conan the Barbarian (1982),1554
Arnold Schwarzenegger,91,Conan the Destroyer (1984),2130
Arnold Schwarzenegger,91,Conan Unchained: The Making of 'Conan' (2000),1555
Arnold Schwarzenegger,91,Dave (1993),1449
Arnold Schwarzenegger,91,Directors: James Cameron (1997),2131
Arnold Schwarzenegger,91,Dirty Harry: The Original (2001),2132
Arnold Schwarzenegger,91,Dr. Dolittle 2 (2001),2133
Arnold Schwarzenegger,91,East Meets West: 'Red Heat' and the Kings of Carolco (2004),2134
Arnold Schwarzenegger,91,End of Days (1999),2135
Arnold Schwarzenegger,91,End of Days: The Beginning (2000),2136
Arnold Schwarzenegger,91,Eraser (1996),2137
Arnold Schwarzenegger,91,Falco - Hoch wie nie (1998),2138
Arnold Schwarzenegger,91,Feed (1992),2139
Arnold Schwarzenegger,91,Hercules in New York (1970),2140
Arnold Schwarzenegger,91,How Arnold Won the West (2004),2141
Arnold Schwarzenegger,91,If It Bleeds We Can Kill It: The Making of 'Predator' (2001),2142
Arnold Schwarzenegger,91,Imagining 'Total Recall' (2001),2143
Arnold Schwarzenegger,91,Iron and Beyond (2002),2144
Arnold Schwarzenegger,91,Jingle All the Way (1996),2145
Arnold Schwarzenegger,91,Junior (1994),2146
Arnold Schwarzenegger,91,Junket Whore (1998),2147
Arnold Schwarzenegger,91,Kindergarten Cop (1990),2148
Arnold Schwarzenegger,91,Last Action Hero (1993),2149
Arnold Schwarzenegger,91,Last Party 2000 (2001),2150
Arnold Schwarzenegger,91,Last Party The (1993),2151
Arnold Schwarzenegger,91,Long Goodbye The (1973),2152
Arnold Schwarzenegger,91,Making of 'The Terminator': A Retrospective The (1992),2153
Arnold Schwarzenegger,91,Other Voices: Creating 'The Terminator' (2001),2154
Arnold Schwarzenegger,91,Predator (1987),2155
Arnold Schwarzenegger,91,Pumping Iron (1977),2156
Arnold Schwarzenegger,91,Raw Deal (1986),2157
Arnold Schwarzenegger,91,Red Heat (1988),2158
Arnold Schwarzenegger,91,Red Sonja (1985),2159
Arnold Schwarzenegger,91,Rundown The (2003),2160
Arnold Schwarzenegger,91,Running Man The (1987),2161
Arnold Schwarzenegger,91,Running with Arnold (2004),2162
Arnold Schwarzenegger,91,Scavenger Hunt (1979),2163
Arnold Schwarzenegger,91,Sex at 24 Frames Per Second (2003),2164
Arnold Schwarzenegger,91,Stand Tall (1997),2165
Arnold Schwarzenegger,91,Stay Hungry (1976),2166
Arnold Schwarzenegger,91,Stuntman for All Seasons: A Tribute to Bennie Dobbins A (2004),2167
Arnold Schwarzenegger,91,T2 3-D: Battle Across Time (1996),2168
Arnold Schwarzenegger,91,T2: More Than Meets the Eye (1993),2169
Arnold Schwarzenegger,91,T3 Visual Effects Lab (2003),2170
Arnold Schwarzenegger,91,Terminator 2: Judgment Day (1991),2171
Arnold Schwarzenegger,91,Terminator 2: Judgment Day (1992),2172
Arnold Schwarzenegger,91,Terminator 3: Redemption (2004),2173
Arnold Schwarzenegger,91,Terminator 3: Rise of the Machines (2003),2174
Arnold Schwarzenegger,91,Terminator The (1984),2175
Arnold Schwarzenegger,91,Total Recall (1990),2176
Arnold Schwarzenegger,91,True Lies (1994),2177
Arnold Schwarzenegger,91,True Lies (1995),2178
Arnold Schwarzenegger,91,Twins (1988),2179
Arnold Schwarzenegger,91,Villain The (1979),2180
Arnold Schwarzenegger,91,WMD: Weapon of Mass Destruction (2004),2181
Alireza Shayegan,92,Cheshmane John Malkovich (2004),1001
Charlie Sheen,93,Being John Malkovich (1999),1084
Gary Sinise,94,Being John Malkovich (1999),1084
Christian Slater,95,'Masked & Anonymous' Exposed (2003),2182
Christian Slater,95,3000 Miles to Graceland (2001),2183
Christian Slater,95,Alone in the Dark (2004),2184
Christian Slater,95,Austin Powers: International Man of Mystery (1997),2185
Christian Slater,95,Basil (1998),2186
Christian Slater,95,Bed of Roses (1996),2187
Christian Slater,95,Beyond the Stars (1989),2188
Christian Slater,95,Broken Arrow (1996),2189
Christian Slater,95,Catwalk (1996),2190
Christian Slater,95,Churchill: The Hollywood Years (2004),2191
Christian Slater,95,Code Talkers: A Secret Code of Honor The (2003),2192
Christian Slater,95,Contender The (2000),2193
Christian Slater,95,Contender: The Making of a Political Thriller The (2001),2194
Christian Slater,95,FernGully: The Last Rainforest (1992),2195
Christian Slater,95,Gleaming the Cube (1989),2196
Christian Slater,95,Good Shepherd The (2004),2197
Christian Slater,95,Hard Rain (1998),1147
Christian Slater,95,Heathers (1989),2198
Christian Slater,95,Interview with the Vampire: The Vampire Chronicles (1994),2199
Christian Slater,95,Jimmy Hollywood (1994),2200
Christian Slater,95,Julian Po (1997),2201
Christian Slater,95,Kuffs (1992),2202
Christian Slater,95,Last Party The (1993),2151
Christian Slater,95,Legend of Billie Jean The (1985),2203
Christian Slater,95,Love Stinks (1999),2204
Christian Slater,95,Masked and Anonymous (2003),2205
Christian Slater,95,Mindhunters (2004),2206
Christian Slater,95,Mobsters (1991),2207
Christian Slater,95,Murder in the First (1995),1032
Christian Slater,95,Naked Movie (2002),2208
Christian Slater,95,Name der Rose Der (1986),2209
Christian Slater,95,Pump Up the Volume (1990),2210
Christian Slater,95,Pursued (2004),2211
Christian Slater,95,Robin Hood: Prince of Thieves (1991),1167
Christian Slater,95,Rosa dei nomi La (1987),2212
Christian Slater,95,Run for the Money (2002),2213
Christian Slater,95,Star Trek VI: The Undiscovered Country (1991),1970
Christian Slater,95,Swatch Dogs and Diet Coke Heads (2001),2214
Christian Slater,95,Tales from the Darkside: The Movie (1990),2215
Christian Slater,95,True Romance (1993),2216
Christian Slater,95,Tucker: The Man and His Dream (1988),2217
Christian Slater,95,Twisted (1986),2218
Christian Slater,95,Untamed Heart (1993),2219
Christian Slater,95,Very Bad Things (1998),2220
Christian Slater,95,Where the Day Takes You (1992),2221
Christian Slater,95,Who Is Cletis Tout? (2001),2222
Christian Slater,95,Windtalkers (2002),2223
Christian Slater,95,Wizard The (1989),2224
Christian Slater,95,Young Guns II (1990),2225
Christian Slater,95,Zoolander (2001),2226
Robert Smigel,96,Adam Sandler Goes to Hell (2001),1085
David Sosalla,97,Adam Sandler Goes to Hell (2001),1085
Ralph W. Spaulding,98,Being John Malkovich (1999),1084
Gregory Sporleder,99,Being John Malkovich (1999),1084
Courtney James Stewart,100,Drumline (2002),2227
Courtney James Stewart,100,Remember the Titans (2000),2228
James Stewart (I),101,'Rear Window' Ethics: Remembering and Restoring a Hitchcock Classic (2000),2229
James Stewart (I),101,10000 Kids and a Cop (1948),2230
James Stewart (I),101,1940's: Music Memories & Milestones The (1988),2231
James Stewart (I),101,After the Thin Man (1936),2232
James Stewart (I),101,Afurika monogatari (1981),2233
James Stewart (I),101,Airport '77 (1977),1641
James Stewart (I),101,American Tail: Fievel Goes West An (1991),2234
James Stewart (I),101,Anatomy of a Murder (1959),2235
James Stewart (I),101,Art Trouble (1934),2236
James Stewart (I),101,Bandolero! (1968),2237
James Stewart (I),101,Bell Book and Candle (1958),2238
James Stewart (I),101,Bend of the River (1952),2239
James Stewart (I),101,Big Sleep The (1978),2240
James Stewart (I),101,Born to Dance (1936),2241
James Stewart (I),101,Broken Arrow (1950),2242
James Stewart (I),101,Brother Can You Spare a Dime? (1975),1193
James Stewart (I),101,Call Northside 777 (1948),2243
James Stewart (I),101,Carbine Williams (1952),2244
James Stewart (I),101,Century of Cinema A (1994),1095
James Stewart (I),101,Cheyenne Autumn (1964),2245
James Stewart (I),101,Cheyenne Social Club The (1970),2246
James Stewart (I),101,Classe americaine La (1993),1202
James Stewart (I),101,Come Live with Me (1941),2247
James Stewart (I),101,Dear Brigitte (1965),2248
James Stewart (I),101,Destry Rides Again (1939),2249
James Stewart (I),101,Directed by John Ford (1971),2250
James Stewart (I),101,Far Country The (1954),2251
James Stewart (I),101,FBI Story The (1959),2252
James Stewart (I),101,Fellow Americans (1942),2253
James Stewart (I),101,Firecreek (1968),2254
James Stewart (I),101,Flight of the Phoenix The (1965),2255
James Stewart (I),101,Fools' Parade (1971),2256
James Stewart (I),101,Frank Capra's 'It's a Wonderful Life': A Personal Remembrance (1991),2257
James Stewart (I),101,Glenn Miller Story The (1953),2258
James Stewart (I),101,Gorgeous Hussy The (1936),2259
James Stewart (I),101,Grace Kelly: The American Princess (1991),1487
James Stewart (I),101,Greatest Show on Earth The (1952),2260
James Stewart (I),101,Harvey (1950),2261
James Stewart (I),101,Heart of Show Business The (1957),2262
James Stewart (I),101,Hollywood Goes to Town (1938),1218
James Stewart (I),101,Hollywood Hobbies (1939),1220
James Stewart (I),101,Hollywood Outtakes (1984),2263
James Stewart (I),101,How the West Was Won (1962),2264
James Stewart (I),101,Ice Follies of 1939 (1939),2265
James Stewart (I),101,Important News (1936),2266
James Stewart (I),101,It's a Wonderful Life (1946),2267
James Stewart (I),101,It's a Wonderful World (1939),2268
James Stewart (I),101,Jackpot The (1950),2269
James Stewart (I),101,Just One More Time (1974),2270
James Stewart (I),101,Last Gangster The (1937),2271
James Stewart (I),101,Made for Each Other (1939),2272
James Stewart (I),101,Magic of Lassie The (1978),2273
James Stewart (I),101,Magic Town (1947),2274
James Stewart (I),101,Making of 'The Man Who Knew Too Much' The (2000),2275
James Stewart (I),101,Malaya (1949),2276
James Stewart (I),101,Man from Laramie The (1955),2277
James Stewart (I),101,Man Who Knew Too Much The (1956),2278
James Stewart (I),101,Man Who Shot Liberty Valance The (1962),2279
James Stewart (I),101,Mortal Storm The (1940),2280
James Stewart (I),101,Mountain Road The (1960),2281
James Stewart (I),101,Mr. Hobbs Takes a Vacation (1962),2282
James Stewart (I),101,Mr. Smith Goes to Washington (1939),2283
James Stewart (I),101,Murder Man The (1935),2284
James Stewart (I),101,Naked Spur The (1953),2285
James Stewart (I),101,Navy Blue and Gold (1937),2286
James Stewart (I),101,Next Time We Love (1936),2287
James Stewart (I),101,Night Passage (1957),2288
James Stewart (I),101,No Highway (1951),2289
James Stewart (I),101,No Time for Comedy (1940),2290
James Stewart (I),101,Of Human Hearts (1938),2291
James Stewart (I),101,Off the Menu: The Last Days of Chasen's (1997),2292
James Stewart (I),101,On Our Merry Way (1948),2293
James Stewart (I),101,Oscar's Greatest Moments (1992),1112
James Stewart (I),101,Philadelphia Story The (1940),1412
James Stewart (I),101,Pot o' Gold (1941),2294
James Stewart (I),101,Preminger: Anatomy of a Filmmaker (1991),2295
James Stewart (I),101,Rare Breed The (1966),2296
James Stewart (I),101,Rear Window (1954),2297
James Stewart (I),101,Rope (1948),2298
James Stewart (I),101,Rose-Marie (1936),2299
James Stewart (I),101,Screen Snapshots Series 23 No. 1: Hollywood in Uniform (1943),1270
James Stewart (I),101,Screen Snapshots: Hollywood Laugh Parade (1953),2300
James Stewart (I),101,Screen Snapshots: Hollywood City of Stars (1956),2301
James Stewart (I),101,Screen Snapshots: Memories in Uniform (1954),1271
James Stewart (I),101,Screenwriter John Michael Hayes on 'Rear Window' (2000),2302
James Stewart (I),101,Seventh Heaven (1937),2303
James Stewart (I),101,Shenandoah (1965),2304
James Stewart (I),101,Shootist The (1976),2305
James Stewart (I),101,Shop Around the Corner The (1940),2306
James Stewart (I),101,Shopworn Angel The (1938),2307
James Stewart (I),101,Small Town Girl (1936),2308
James Stewart (I),101,Speed (1936),2309
James Stewart (I),101,Spirit of St. Louis The (1957),2310
James Stewart (I),101,Strategic Air Command (1955),2311
James Stewart (I),101,Stratton Story The (1949),2312
James Stewart (I),101,Take Her She's Mine (1963),2313
James Stewart (I),101,That's Dancing! (1985),1285
James Stewart (I),101,That's Entertainment! (1974),1286
James Stewart (I),101,That's Entertainment Part II (1976),1287
James Stewart (I),101,Thunder Bay (1953),2314
James Stewart (I),101,Thunderbolt (1947),2315
James Stewart (I),101,Tomorrow's Drivers (1954),2316
James Stewart (I),101,Two Rode Together (1961),2317
James Stewart (I),101,Vertigo (1958),2318
James Stewart (I),101,Vivacious Lady (1938),2319
James Stewart (I),101,Wife vs. Secretary (1936),1295
James Stewart (I),101,Winchester '73 (1950),2320
James Stewart (I),101,Winning Your Wings (1942),2321
James Stewart (I),101,X-15 (1961),2322
James Stewart (I),101,You Can't Take It with You (1938),2323
James Stewart (I),101,You Gotta Stay Happy (1948),2324
James Stewart (I),101,Ziegfeld Girl (1941),2325
John E. Sullivan (I),102,Adam Sandler Goes to Hell (2001),1085
Billy Bob Thornton,103,Alamo The (2004),2326
Billy Bob Thornton,103,Alan Smithee Film: Burn Hollywood Burn An (1997),2327
Billy Bob Thornton,103,Apostle The (1997),2328
Billy Bob Thornton,103,Armageddon (1998),2329
Billy Bob Thornton,103,Bad News Bears The (2006),2330
Billy Bob Thornton,103,Bad Santa (2003),2331
Billy Bob Thornton,103,Bad Santa: Not Your Typical Christmas Movie (2004),2332
Billy Bob Thornton,103,Badge The (2002),2333
Billy Bob Thornton,103,Bandits (2001),2334
Billy Bob Thornton,103,Bound by Honor (1993),2335
Billy Bob Thornton,103,Chopper Chicks in Zombietown (1989),2336
Billy Bob Thornton,103,Chrystal (2004),2337
Billy Bob Thornton,103,Daddy and Them (2001),2338
Billy Bob Thornton,103,Dead Man (1995),2339
Billy Bob Thornton,103,Dirty Life and Times with Billy Bob Thornton Dwight Yoakam and Warren Zevon (2002),2340
Billy Bob Thornton,103,Down From the Mountain (2000),2341
Billy Bob Thornton,103,Fade Out (2005),2342
Billy Bob Thornton,103,Floundering (1994),2343
Billy Bob Thornton,103,For the Boys (1991),2344
Billy Bob Thornton,103,Franky Goes to Hollywood (1999),2345
Billy Bob Thornton,103,Friday Night Lights (2004),2346
Billy Bob Thornton,103,Going Overboard (1989),2104
Billy Bob Thornton,103,Gun a Car a Blonde A (1997),2347
Billy Bob Thornton,103,Homegrown (1998),2348
Billy Bob Thornton,103,Hunter's Blood (1987),2349
Billy Bob Thornton,103,Ice Harvest (2005),2350
Billy Bob Thornton,103,Indecent Proposal (1993),2351
Billy Bob Thornton,103,Inside 'Bandits' (2001),2352
Billy Bob Thornton,103,Intolerable Cruelty (2003),2353
Billy Bob Thornton,103,Killing Box The (1993),2354
Billy Bob Thornton,103,Last Real Cowboys The (2000),2355
Billy Bob Thornton,103,Levity (2003),1154
Billy Bob Thornton,103,Living and Working in Space: The Countdown Has Begun (1993),2356
Billy Bob Thornton,103,Look Inside 'Intolerable Cruelty' A (2004),2357
Billy Bob Thornton,103,Love Actually (2003),2081
Billy Bob Thornton,103,Man Who Wasn't There The (2001),2358
Billy Bob Thornton,103,Mononoke-hime (1997),2359
Billy Bob Thornton,103,Monster's Ball (2001),2360
Billy Bob Thornton,103,Mr. Woodcock (2006),2361
Billy Bob Thornton,103,On Deadly Ground (1994),2362
Billy Bob Thornton,103,One False Move (1992),2363
Billy Bob Thornton,103,Primary Colors (1998),1604
Billy Bob Thornton,103,Pushing Tin (1999),2364
Billy Bob Thornton,103,Simple Plan A (1998),2365
Billy Bob Thornton,103,Sling Blade (1996),2366
Billy Bob Thornton,103,Some Folks Call It a Sling Blade (1994),2367
Billy Bob Thornton,103,South of Heaven West of Hell (2000),2058
Billy Bob Thornton,103,South of Reno (1988),2368
Billy Bob Thornton,103,Stars Fell on Henrietta The (1995),2369
Billy Bob Thornton,103,Swedish Job The (2004),2370
Billy Bob Thornton,103,Tombstone (1993),2371
Billy Bob Thornton,103,Trouble Bound (1993),2372
Billy Bob Thornton,103,U Turn (1997),2373
Billy Bob Thornton,103,Waking Up in Reno (2002),2374
Billy Bob Thornton,103,Winner The (1996),2375
Denzel Washington,104,Antwone Fisher (2002),2376
Denzel Washington,104,Bamboozled (2000),2377
Denzel Washington,104,Behind the Scenes of 'John Q' (2002),2378
Denzel Washington,104,Bone Collector The (1999),2379
Denzel Washington,104,Carbon Copy (1981),2380
Denzel Washington,104,Century of Cinema A (1994),1095
Denzel Washington,104,Courage Under Fire (1996),2381
Denzel Washington,104,Crimson Tide (1995),2382
Denzel Washington,104,Cry Freedom (1987),2383
Denzel Washington,104,Devil in a Blue Dress (1995),2384
Denzel Washington,104,Fallen (1998),2385
Denzel Washington,104,For Queen and Country (1988),2386
Denzel Washington,104,Glory (1989),1145
Denzel Washington,104,He Got Game (1998),2387
Denzel Washington,104,Heart Condition (1990),2388
Denzel Washington,104,Hurricane The (1999),2389
Denzel Washington,104,John Q (2002),2390
Denzel Washington,104,Malcolm X (1992),2391
Denzel Washington,104,Man on Fire (2004),2392
Denzel Washington,104,Manchurian Candidate The (2004),2393
Denzel Washington,104,Mighty Quinn The (1989),2394
Denzel Washington,104,Mississippi Masala (1991),2395
Denzel Washington,104,Mo' Better Blues (1990),2396
Denzel Washington,104,Much Ado About Nothing (1993),2397
Denzel Washington,104,Out of Time: Crime Scene (2004),2398
Denzel Washington,104,Pelican Brief The (1993),2399
Denzel Washington,104,People Like Us: Making 'Philadelphia' (2003),2400
Denzel Washington,104,Philadelphia (1993),2401
Denzel Washington,104,Power (1986),2402
Denzel Washington,104,Preacher's Wife The (1996),2403
Denzel Washington,104,Remember the Titans (2000),2228
Denzel Washington,104,Ricochet (1991),2404
Denzel Washington,104,Siege The (1998),2405
Denzel Washington,104,Soldier's Story A (1984),2406
Denzel Washington,104,Spike Lee's '25th Hour': The Evolution of an American Filmmaker (2003),2407
Denzel Washington,104,Straight from the Streets (1998),2408
Denzel Washington,104,Training Day (2001),2409
Denzel Washington,104,Virtuosity (1995),2410
Denzel Washington,104,Whitney Houston: The Greatest Hits (2000),2411
Eric Weinstein (I),105,Being John Malkovich (1999),1084
Bill Wittman,106,Being John Malkovich (1999),1084
David Wyler (I),107,Being John Malkovich (1999),1084
Flori Wyler,108,Being John Malkovich (1999),1084
Dwight Yoakam,109,Dirty Life and Times with Billy Bob Thornton Dwight Yoakam and Warren Zevon (2002),2340
Warren Zevon,110,Dirty Life and Times with Billy Bob Thornton Dwight Yoakam and Warren Zevon (2002),2340
Roozbeh Zivari,111,Cheshmane John Malkovich (2004),1001
Patricia Arquette,112,Adam Sandler Goes to Hell (2001),1085
Brigitte Bardot,113,Affaire d'une nuit L' (1960),2412
Brigitte Bardot,113,Amours celebres (1961),2413
Brigitte Bardot,113,Babette s'en va-t-en guerre (1959),2414
Brigitte Bardot,113,Bardot et Godard (1964),2415
Brigitte Bardot,113,Bijoutiers du clair de lune Les (1958),2416
Brigitte Bardot,113,Boulevard du rhum (1971),2417
Brigitte Bardot,113,Bride sur le cou La (1961),2418
Brigitte Bardot,113,Cette sacree gamine (1956),2419
Brigitte Bardot,113,De Serge Gainsbourg a Gainsbarre de 1958 - 1991 (1994),2420
Brigitte Bardot,113,Dear Brigitte (1965),2248
Brigitte Bardot,113,Dents longues Les (1952),2421
Brigitte Bardot,113,Doctor at Sea (1955),2422
Brigitte Bardot,113,Don Juan ou Si Don Juan etait une femme... (1973),2423
Brigitte Bardot,113,En cas de malheur (1958),2424
Brigitte Bardot,113,En effeuillant la marguerite (1956),2425
Brigitte Bardot,113,Et Dieu... crea la femme (1956),2426
Brigitte Bardot,113,Femme et le pantin La (1959),2427
Brigitte Bardot,113,Femmes Les (1969),2428
Brigitte Bardot,113,Film Portrait (1972),2429
Brigitte Bardot,113,Fils de Caroline cherie Le (1955),2430
Brigitte Bardot,113,Futures vedettes (1955),2431
Brigitte Bardot,113,Grandes manoeuvres Les (1955),2432
Brigitte Bardot,113,Helen of Troy (1956),2433
Brigitte Bardot,113,Histoire tres bonne et tres joyeuse de Colinot Trousse-Chemise L' (1973),2434
Brigitte Bardot,113,Histoires extraordinaires (1968),2435
Brigitte Bardot,113,Hollywood Sex Symbols (1988),1224
Brigitte Bardot,113,Love Goddesses The (1965),1242
Brigitte Bardot,113,Lumiere d'en face La (1955),2436
Brigitte Bardot,113,Lykke og krone (1962),2437
Brigitte Bardot,113,Manina la fille sans voile (1952),2438
Brigitte Bardot,113,Marie Soleil (1965),2439
Brigitte Bardot,113,Mariee est trop belle La (1956),2440
Brigitte Bardot,113,Masculin feminin: 15 faits precis (1966),2441
Brigitte Bardot,113,Mio figlio Nerone (1956),2442
Brigitte Bardot,113,Mepris Le (1963),2443
Brigitte Bardot,113,Notre Dame de la Croisette (1981),1405
Brigitte Bardot,113,Novices Les (1970),2444
Brigitte Bardot,113,Ours et la poupee L' (1969),2445
Brigitte Bardot,113,Paparazzi (1964),2446
Brigitte Bardot,113,Portrait de son pere Le (1953),2447
Brigitte Bardot,113,Petroleuses Les (1971),2448
Brigitte Bardot,113,Repos du guerrier Le (1962),2449
Brigitte Bardot,113,Shalako (1968),2450
Brigitte Bardot,113,Si Versailles m'etait conte (1954),2451
Brigitte Bardot,113,Tentazioni proibite (1965),2452
Brigitte Bardot,113,Testament d'Orphee Le (1960),2453
Brigitte Bardot,113,Tradita (1954),2454
Brigitte Bardot,113,Trou normand Le (1952),2455
Brigitte Bardot,113,Un acte d'amour (1953),2456
Brigitte Bardot,113,Une parisienne (1957),2457
Brigitte Bardot,113,Une ravissante idiote (1964),2458
Brigitte Bardot,113,Vie privee (1961),2459
Brigitte Bardot,113,Viva Maria! (1965),2460
Brigitte Bardot,113,Voulez-vous danser avec moi? (1959),2461
Brigitte Bardot,113,Verite La (1960),2462
Brigitte Bardot,113,A coeur joie (1967),2463
Marlowe Bassett,114,Being John Malkovich (1999),1084
Jacqueline Benoit,115,Being John Malkovich (1999),1084
Cate Blanchett,116,Aviator The (2004),2464
Cate Blanchett,116,Bandits (2001),2334
Cate Blanchett,116,Bangers (1999),2465
Cate Blanchett,116,Charlotte Gray (2001),2466
Cate Blanchett,116,Coffee and Cigarettes (2003),1893
Cate Blanchett,116,Elizabeth (1998),2467
Cate Blanchett,116,Gift The (2000),2468
Cate Blanchett,116,Golden Age (2006),2469
Cate Blanchett,116,Heaven (2002),2470
Cate Blanchett,116,Ideal Husband An (1999),2471
Cate Blanchett,116,Inside 'Bandits' (2001),2352
Cate Blanchett,116,Inside 'The Talented Mr. Ripley' (1999),2472
Cate Blanchett,116,Life Aquatic with Steve Zissou The (2004),1905
Cate Blanchett,116,Little Fish (2005),2473
Cate Blanchett,116,Lord of the Rings: The Fellowship of the Ring The (2001),1742
Cate Blanchett,116,Lord of the Rings: The Return of the King The (2003),1743
Cate Blanchett,116,Lord of the Rings: The Two Towers The (2002),1744
Cate Blanchett,116,Making of 'Elizabeth' The (1998),2474
Cate Blanchett,116,Making of 'The Lord of the Rings' The (2002),2475
Cate Blanchett,116,Man Who Cried The (2000),2476
Cate Blanchett,116,New Frontiers: Making 'The Missing' (2004),2477
Cate Blanchett,116,Oscar and Lucinda (1997),2478
Cate Blanchett,116,Paradise Road (1997),2479
Cate Blanchett,116,Parklands (1996),2480
Cate Blanchett,116,Police Rescue (1994),2481
Cate Blanchett,116,Pushing Tin (1999),2364
Cate Blanchett,116,Reflections on 'The Talented Mr. Ripley' (2000),2482
Cate Blanchett,116,Shipping News The (2001),2483
Cate Blanchett,116,Talented Mr. Ripley The (1999),2484
Cate Blanchett,116,Thank God He Met Lizzie (1997),2485
Cate Blanchett,116,Veronica Guerin (2003),2486
Jennifer Canzoneri,117,Being John Malkovich (1999),1084
Charisma Carpenter,118,Buffy the Vampire Slayer (2002),2487
Charisma Carpenter,118,Groomsmen The (2001),2488
Charisma Carpenter,118,Josh Kirby... Time Warrior: Chapter 1 Planet of the Dino-Knights (1995),2489
Charisma Carpenter,118,Josh Kirby... Time Warrior: Chapter 2 the Human Pets (1995),2490
Charisma Carpenter,118,Josh Kirby... Time Warrior: Chapter 6 Last Battle for the Universe (1996),2491
Christine D. Coleman,119,Being John Malkovich (1999),1084
Kristie Cordle,120,Being John Malkovich (1999),1084
Jennifer Crystal,121,Greatest Summer of My Life: Billy Crystal and the Making of '61*' The (2001),1086
Kristin D'Andrea,122,Being John Malkovich (1999),1084
Denise Dabrowski,123,Being John Malkovich (1999),1084
Kacee DeMasi,124,Being John Malkovich (1999),1084
Cameron Diaz,125,Being John Malkovich (1999),1084
Jeanne Diehl,126,Being John Malkovich (1999),1084
K.K. Dodds,127,Being John Malkovich (1999),1084
Diane Fischer (II),128,Leonard Nimoy Demonstrates the Magnavision Videodisc Player (1981),1000
Carrie Fisher,129,burbs The (1989),2492
Carrie Fisher,129,Amazon Women on the Moon (1987),2493
Carrie Fisher,129,Appointment with Death (1988),2494
Carrie Fisher,129,Austin Powers: International Man of Mystery (1997),2185
Carrie Fisher,129,Best of So Graham Norton The (2000),2495
Carrie Fisher,129,Blues Brothers The (1980),2039
Carrie Fisher,129,Charlie's Angels: Full Throttle (2003),2496
Carrie Fisher,129,Drop Dead Fred (1991),2497
Carrie Fisher,129,Famous (2000),2498
Carrie Fisher,129,From Star Wars to Jedi: The Making of a Saga (1985),2499
Carrie Fisher,129,Garbo Talks (1984),2500
Carrie Fisher,129,George Lucas: Heroes Myths and Magic (1993),2501
Carrie Fisher,129,Hannah and Her Sisters (1986),2502
Carrie Fisher,129,Heartbreakers (2001),2503
Carrie Fisher,129,Hollywood Vice Squad (1986),2504
Carrie Fisher,129,Hook (1991),2505
Carrie Fisher,129,How Harry Met Sally... (2000),1104
Carrie Fisher,129,In Search of Ted Demme (2004),2506
Carrie Fisher,129,Jay and Silent Bob Strike Back (2001),2507
Carrie Fisher,129,Loverboy (1989),2508
Carrie Fisher,129,Man with One Red Shoe The (1985),2509
Carrie Fisher,129,Midsummer Night's Rave A (2002),2510
Carrie Fisher,129,Mr. Mike's Mondo Video (1979),1916
Carrie Fisher,129,Oscar's Greatest Moments (1992),1112
Carrie Fisher,129,Scream 3 (2000),2511
Carrie Fisher,129,Shampoo (1975),2512
Carrie Fisher,129,She's Back (1989),2513
Carrie Fisher,129,Sibling Rivalry (1990),2514
Carrie Fisher,129,Soapdish (1991),2515
Carrie Fisher,129,Star Wars (1977),1523
Carrie Fisher,129,Star Wars: Battlefront (2004),1525
Carrie Fisher,129,Star Wars: Episode V - The Empire Strikes Back (1980),1526
Carrie Fisher,129,Star Wars: Episode VI - Return of the Jedi (1983),1527
Carrie Fisher,129,Stars of Star Wars: Interviews From the Cast The (1999),1976
Carrie Fisher,129,Stateside (2004),2516
Carrie Fisher,129,Super Star Wars: Return of the Jedi (1994),2517
Carrie Fisher,129,Sweet Revenge (1990),2518
Carrie Fisher,129,This Is My Life (1992),2519
Carrie Fisher,129,Time Guardian The (1987),2520
Carrie Fisher,129,Unauthorized Star Wars Story The (1999),2521
Carrie Fisher,129,Under the Rainbow (1981),2522
Carrie Fisher,129,When Harry Met Sally... (1989),1121
Audrey Gelfund,130,Being John Malkovich (1999),1084
Yetta Ginsburg,131,Being John Malkovich (1999),1084
Charlene Grimsley,132,Being John Malkovich (1999),1084
Betsy Asher Hall,133,Adam Sandler Goes to Hell (2001),1085
Alyson Hannigan,134,American Pie (1999),2523
Alyson Hannigan,134,American Pie 2 (2001),2524
Alyson Hannigan,134,American Wedding (2003),2525
Alyson Hannigan,134,Beyond the City Limits (2001),2526
Alyson Hannigan,134,Boys and Girls (2000),2527
Alyson Hannigan,134,Buffy the Vampire Slayer (2002),2487
Alyson Hannigan,134,Dead Man on Campus (1998),2528
Alyson Hannigan,134,Impure Thoughts (1985),2529
Alyson Hannigan,134,My Stepmother Is an Alien (1988),2530
Alyson Hannigan,134,Sex at 24 Frames Per Second (2003),2164
Pamela Hayden,135,Being John Malkovich (1999),1084
Jayne Hess,136,Being John Malkovich (1999),1084
Catherine Keener,137,Being John Malkovich (1999),1084
Christine Krejer,138,Being John Malkovich (1999),1084
Madison Lanc,139,Being John Malkovich (1999),1084
Erica Long,140,Being John Malkovich (1999),1084
Ellen Lutter,141,Adam Sandler Goes to Hell (2001),1085
Michelle Madden,142,Being John Malkovich (1999),1084
Merlyn Mantle,143,Greatest Summer of My Life: Billy Crystal and the Making of '61*' The (2001),1086
Yvonne Montelius,144,Being John Malkovich (1999),1084
Jessica Neuberger,145,Being John Malkovich (1999),1084
Mariah O'Brien,146,Being John Malkovich (1999),1084
Ann Pala,147,Adam Sandler Goes to Hell (2001),1085
Mary Kay Place,148,Being John Malkovich (1999),1084
Christina Ricci,149,200 Cigarettes (1999),2531
Christina Ricci,149,Addams Family Values (1993),2532
Christina Ricci,149,Addams Family The (1991),2533
Christina Ricci,149,All Over the Guy (2001),2534
Christina Ricci,149,Anything Else (2003),2535
Christina Ricci,149,Bastard Out of Carolina (1996),2536
Christina Ricci,149,Bless the Child (2000),2537
Christina Ricci,149,Buffalo '66 (1998),2538
Christina Ricci,149,Casper (1995),2539
Christina Ricci,149,Cemetery Club The (1993),2540
Christina Ricci,149,Cursed (2004),2541
Christina Ricci,149,Desert Blue (1998),2542
Christina Ricci,149,Fear and Loathing in Las Vegas (1998),2543
Christina Ricci,149,Gathering The (2002),2544
Christina Ricci,149,Gold Diggers: The Secret of Bear Mountain (1995),2545
Christina Ricci,149,Hard Way The (1991),2546
Christina Ricci,149,I Love Your Work (2003),2547
Christina Ricci,149,I Woke Up Early the Day I Died (1998),2548
Christina Ricci,149,Ice Storm The (1997),2549
Christina Ricci,149,Laramie Project The (2002),2550
Christina Ricci,149,Last of the High Kings The (1996),2551
Christina Ricci,149,Little Red Riding Hood (1997),2552
Christina Ricci,149,Man Who Cried The (2000),2476
Christina Ricci,149,Mermaids (1990),2553
Christina Ricci,149,Miranda (2002),2554
Christina Ricci,149,Moby: Play - The DVD (2001),2555
Christina Ricci,149,Monster (2003),2556
Christina Ricci,149,No Vacancy (1999),2557
Christina Ricci,149,Now and Then (1995),2558
Christina Ricci,149,Opposite of Sex The (1998),2559
Christina Ricci,149,Pecker (1998),2560
Christina Ricci,149,Prozac Nation (2001),2561
Christina Ricci,149,Pumpkin (2002),2562
Christina Ricci,149,Sleepy Hollow (1999),1798
Christina Ricci,149,Sleepy Hollow: Behind the Legend (2000),1799
Christina Ricci,149,Small Soldiers (1998),2563
Christina Ricci,149,Souvenir (1998),2564
Christina Ricci,149,That Darn Cat (1997),2565
Christina Ricci,149,Very Best of Cher: The Video Hits Collection The (2004),2566
Sara Rifkin,150,Being John Malkovich (1999),1084
Elizabeth Rivera,151,Being John Malkovich (1999),1084
Winona Ryder,152,Being John Malkovich (1999),1084
Dinah Shore,153,Greatest Summer of My Life: Billy Crystal and the Making of '61*' The (2001),1086
Chelsa Sjostrom,154,Being John Malkovich (1999),1084
Sara Solati,155,Cheshmane John Malkovich (2004),1001
Octavia Spencer,156,Being John Malkovich (1999),1084
Kelly Teacher,157,Being John Malkovich (1999),1084
Patti Tippo,158,Being John Malkovich (1999),1084
Judith Wetzell,159,Being John Malkovich (1999),1084
Reese Witherspoon,160,Adam Sandler Goes to Hell (2001),1085
Catherine Zeta-Jones,161,Adventures of Young Indiana Jones: Daredevils of the Desert The (1992),2567
Catherine Zeta-Jones,161,America's Sweethearts (2001),1089
Catherine Zeta-Jones,161,Blue Juice (1995),2568
Catherine Zeta-Jones,161,Chicago (2002),2569
Catherine Zeta-Jones,161,Christopher Columbus: The Discovery (1992),2570
Catherine Zeta-Jones,161,Coming Out (2006),2571
Catherine Zeta-Jones,161,Entrapment (1999),2572
Catherine Zeta-Jones,161,Haunting The (1999),2573
Catherine Zeta-Jones,161,High Fidelity (2000),2574
Catherine Zeta-Jones,161,Intolerable Cruelty (2003),2353
Catherine Zeta-Jones,161,Legend of Zorro (2005),2575
Catherine Zeta-Jones,161,Look Inside 'Intolerable Cruelty' A (2004),2357
Catherine Zeta-Jones,161,Making of 'The Haunting' The (1999),2576
Catherine Zeta-Jones,161,Mask of Zorro The (1998),2577
Catherine Zeta-Jones,161,Mille et une nuits Les (1990),2578
Catherine Zeta-Jones,161,Ocean's Twelve (2004),2579
Catherine Zeta-Jones,161,Phantom The (1996),2580
Catherine Zeta-Jones,161,Sinbad: Legend of the Seven Seas (2003),2581
Catherine Zeta-Jones,161,Smoke & Mirrors (2004),2582
Catherine Zeta-Jones,161,Splitting Heirs (1993),2583
Catherine Zeta-Jones,161,Terminal The (2004),2584
Catherine Zeta-Jones,161,Traffic (2000),2585
